Connected Devices,Network Latency (ms),Packet Loss (%),Bandwidth Usage (%),Access Point Load (%),Signal Strength (dBm),Channel Utilization (%),Retry Rate (%),Congestion
40,20.2,1.04,79.3,47.5,-76,48.46736082,1.212207142,1
106,79.6,4.53,206.4,84.9,-39,57.91588185,1.913271728,1
30,,2.23,64.8,,-47,90.88237484,0.758338881,1
63,123.3,3.2,122.3,,-56,99.79265968,9.136326524,1
,27,3.3,117.6,51.9,-81,77.80493034,16.51706869,1
52,32.2,1.49,,48.6,-77,97.37118915,6.261663387,0
87,83.4,4.95,477,87.1,-64,80.83910193,7.683203662,1
39,28.3,1.56,85.5,52.7,-37,96.68823769,18.18954217,1
46,40.1,,90.8,44.8,-77,73.65436534,16.73806891,1
35,38.3,2.69,61.2,38.7,-56,17.17870829,13.30096225,1
84,84.2,4.85,173,227.7,-58,46.17281683,5.336075642,1
90,69.2,1.55,153.8,82.4,-39,68.19375554,2.340829654,1
59,34.2,1.11,113.4,62.5,-90,41.56466585,0.321176454,1
88,,3.31,182,278.7,-57,34.60455263,2.140213452,1
9,9.8,1.53,13.2,18.3,-72,61.96593404,5.851928872,0
47,40.4,,84.3,48.8,-67,94.0151689,11.03580127,1
51,46.1,6.54,114.9,64.5,-49,13.14836862,1.280001655,1
80,53.8,3.57,125.3,76.5,-87,79.23080832,2.724555566,1
23,30.2,2.07,59.8,39,-55,75.04545502,3.621614046,1
35,26.9,0.74,71.1,39.8,-78,96.75580828,12.63964186,0
31,22.9,0.52,65.2,47.8,-33,93.76401001,12.31579598,0
60,49.6,2.07,134.3,52.9,-59,78.60093058,11.01531453,1
50,43.9,1.97,113.6,58.3,-82,56.83678882,5.010028494,1
,32.1,,76,28.9,-52,28.38407979,7.422393824,1
19,,,29,31.4,-75,59.07121465,1.933794327,0
30,26.4,1.16,76.6,37.6,-41,78.88167945,4.529212075,1
14,,0,42.6,16.9,-88,90.61022914,17.95410453,0
46,40.1,2.28,77.2,51.5,-39,81.07408083,19.59383493,1
47,48.4,3.45,126.8,46,-71,27.57402417,12.95319171,1
,14.1,0.74,71,,-81,63.97176828,18.33646584,0
21,28.4,1.98,64.9,25.7,-35,39.89561136,12.85483801,0
29,10.9,0.92,54.3,32.3,-33,10.82851007,0.663929722,0
75,,1.45,170.4,72,-33,28.01988422,19.9352517,1
180,,2.35,104.9,51.3,-69,20.18985849,1.979046034,1
49,49.4,1.02,124.7,,-43,85.84472112,13.65283603,1
46,39.4,2.16,110.8,44.4,-88,33.26556269,5.056724061,1
36,37.2,0.92,,45.7,-80,35.6228172,7.839622258,0
43,35,2.07,100.8,38.9,-66,96.39429146,12.9186837,1
15,23.7,1.43,56.4,22.2,-49,44.11780507,8.729746986,0
11,14.4,0.28,33.8,13.9,-43,10.86270761,5.010921179,0
82,54.8,,168,74.4,-83,35.54615335,6.688923738,1
40,41.4,1.39,102.6,40.6,-82,20.73696225,6.830962338,1
25,22.1,0.73,22.1,34.4,-76,19.25277056,19.18647809,0
28,26.4,1.84,49.1,25.8,-59,16.97385611,15.97226032,0
98,87,4.25,210.6,91.4,-38,63.39335232,9.17097543,1
103,88.9,3.89,222.9,100,-88,27.04129513,3.996418407,1
42,44.5,2.07,85,52.2,-87,42.51185146,16.22032221,1
22,10.5,1.04,151.2,,-61,87.58159445,3.143649432,1
42,39,2.48,80.1,46.5,-78,48.19043258,4.209244343,1
91,72.2,3.22,183.2,94.3,-47,92.4122215,7.320267837,1
49,53.6,1.6,89.8,46.2,-70,54.81442481,17.60696392,1
56,54.5,3.87,114.3,53.6,-50,45.89529534,2.635733373,1
41,29.1,1.32,72.1,42.4,-34,77.53500344,2.444683857,0
81,46.3,1.51,196.6,77.7,-45,16.58575889,9.879499766,1
70,40.4,2.78,148.4,54.8,-72,18.05305447,5.528210822,1
30,27.8,0.5,94.6,48.8,-52,68.67763425,11.37455883,1
31,37.7,1.39,89.1,38.6,-43,53.82466419,9.032733694,1
36,22.9,1.14,34.9,12.6,-69,81.13737253,8.699182127,0
71,60.5,3.15,137.7,86.5,-71,92.46437536,2.23945941,1
6,9.7,1.04,11.8,14.7,-54,44.95301899,2.820993805,0
34,25.3,0.99,71.5,25.3,-60,63.67690239,16.42157155,0
41,29.3,1.97,,34.3,-81,55.0626965,17.71765475,0
86,74.5,3.24,184.7,90.2,-73,98.34495901,4.693670658,1
25,14.4,0.02,72.6,31.1,-48,84.79759666,2.26921003,0
30,21.1,1.03,69.7,37.5,-52,92.05639374,1.068333439,0
,58.6,1.82,119.9,73.1,-45,32.89060788,12.16595227,1
74,46.7,1.96,130.4,58.9,-71,79.52737808,14.30706425,1
24,27.4,1.54,69.7,34.6,-73,33.89259025,7.456199784,0
92,80.9,4.17,164,80.7,-80,28.78682801,13.59351735,1
54,31.3,1.24,113.5,42.3,-69,94.98395437,14.25917631,1
,,3.4,182.9,98.8,-32,11.7373975,18.70684563,1
24,17.3,1.01,55.6,24.3,-47,96.88498333,1.297472757,0
44,28.2,5.19,117.1,51,-73,23.43357073,3.845834465,1
93,77.8,5.12,195.4,95.5,-33,83.74942736,1.370519752,1
51,41.2,,118.9,42.8,-57,34.83302978,17.35987867,1
41,31.4,0.79,77.5,35,-68,41.56320947,15.8517432,1
18,45.6,2.4,61.2,38,-90,29.50819402,11.49284141,1
30,30.4,1.39,76,35.7,-36,62.69626382,1.673268201,1
69,24.5,2.02,58.8,21.3,-81,41.32859928,5.466247173,1
26,20.3,,,29.7,-38,69.16537355,5.954396961,0
33,32.2,1.31,72.8,25.3,-90,11.40825861,11.21486392,0
96,77,3.44,196.2,93,-53,15.79373952,5.160877881,1
16,23.1,0.91,62.6,36.9,-52,18.96950375,1.459197278,0
87,57.1,3.09,178,86,-42,47.70943168,14.61524604,1
42,27.6,,91.2,36.9,-82,83.33165554,5.981604233,1
18,5.5,0,49,20,-60,89.93601193,9.04748354,0
7,23,2.05,9.7,4,-84,32.03296661,2.5533327,1
51,46.4,1.77,96.6,57.6,-74,61.69327518,16.05096607,1
20,27.4,1.13,36.7,33.6,-56,79.15284934,11.31063754,0
39,39.8,1.11,63.9,42.6,-43,35.99464869,18.03171252,0
40,32.3,1.6,,47.1,-54,46.81069631,9.909431261,0
58,37.7,0.51,112.4,60,-39,57.15767824,18.82851344,1
22,19.4,1.21,48.5,26.1,-73,22.13873618,17.83736409,0
85,,3.84,162.2,,-58,12.33840644,11.52919713,1
52,25.8,0.82,110.8,61.1,-87,23.75252284,18.67786876,1
19,4.3,1.27,61.8,17.2,-68,66.41682591,6.461774946,0
105,68.4,3.76,195.3,93.6,-80,16.62564354,7.312843254,1
43,40,1.88,86.6,38.1,-39,27.07267284,0.909559026,1
52,46.6,2.3,100.6,53.1,-82,40.40684971,11.78401814,1
33,24,1.11,71.5,36.2,-61,17.00830579,14.4384794,0
118,77.5,3.86,250.2,100,-83,27.2529344,15.4703838,1
54,46.9,2.53,,51.4,-51,92.01428101,2.996325721,1
83,77.7,3.87,143.7,81.2,-86,11.7369219,8.883181446,1
52,43.2,1.71,106.4,58.9,-79,68.80887318,3.537264242,1
78,56.9,3.25,148.7,78.8,-90,44.59680378,13.24254698,1
50,38.4,1.77,120.9,54.3,-76,70.53838655,3.158927448,1
49,47.7,2.3,86.4,50.4,-66,62.98225483,18.08327368,1
38,33.3,0,106.2,43.8,-73,30.11488789,4.612692913,1
63,50,2.64,138.1,73.6,-53,86.24885388,5.828045326,1
,37.2,2.69,60.9,,-49,54.27463443,17.01812644,1
30,34,0.89,68.7,25,-45,84.0282417,9.169352203,0
,35.2,2.58,58.5,29.7,-38,46.54112826,0.479918916,1
84,68.5,2.97,158.3,75.6,-65,98.62169985,9.891725024,1
52,28.9,2.07,98.7,65.1,-51,79.34404227,1.690866708,1
61,49,1.33,114.2,79.2,-32,96.93551846,19.70689437,1
32,25.7,0.41,96.1,36.7,-88,56.2893831,11.76223141,1
72,52.8,3.28,146.1,84.7,-37,52.63220191,5.130652352,1
30,36.4,2.37,69.1,47.3,-69,77.99084284,11.27435359,1
39,16.3,0,34.7,12.1,-65,89.22621367,1.537342068,0
36,44.5,1.43,85.5,37.8,-72,96.77312163,15.99782609,1
49,,1.86,118.5,58.5,-47,39.20967154,18.50656108,1
53,59,2.88,110.5,67.1,-47,81.88341165,17.48888776,1
21,27,1.25,40.3,33,-44,28.95810379,6.835152046,0
26,42.8,2.94,45,23.3,-31,59.10169121,6.515362393,1
6,22.9,1.93,40.8,21.4,-52,26.18633336,0.701752224,0
27,20.8,,42.1,20.6,-32,41.26576256,13.02800717,0
43,32.5,1.06,88.2,39.8,-55,93.82225305,10.69809568,1
20,23.3,1.71,46.6,14.1,-70,23.14816298,9.186927427,0
47,37.4,2.93,115.1,56.7,-50,66.91608056,18.15261907,1
26,15.7,0.95,48.1,30.3,-37,63.36588456,3.357578022,0
38,34.8,1.24,90.8,41,-43,20.86645174,0.193325334,1
73,53,3.24,,281.4,-65,39.33811394,1.466329042,1
24,35.2,2.08,71.1,35.6,-78,60.66833541,4.467428757,1
6,2,0,31.8,4,-55,26.84607481,0.665710985,0
13,12.3,0.06,,21.6,-67,82.05612908,10.05687421,0
,29.8,0.77,52.6,32.9,-50,97.49408586,6.281809105,0
46,37.5,0.34,92.7,44.4,-65,29.328346,3.609660161,1
99,90.6,3.66,185.3,95.5,-70,26.82207683,15.0016815,1
83,62.1,2.53,493.5,76.4,-73,50.94415646,4.089026525,1
264,60.9,3.86,156.2,78.4,-76,77.29887494,13.75210202,1
83,59,2.7,146.6,72.9,-76,35.34405492,6.985298117,1
19,2.1,0.27,39.5,24.8,-85,11.78919178,10.23655521,0
89,73.8,3.19,182.3,84,-48,58.70985652,18.6773408,1
70,63,2.52,166.2,73.8,-60,96.0940511,0.747032696,1
53,36.4,1.75,110.1,52.3,-63,45.21491699,10.00529015,1
45,56.2,3.27,82.5,52.8,-83,47.81210988,17.08845921,1
50,50,2.24,110.1,57.3,-62,97.20115454,11.75948497,1
26,22.5,0.74,52.9,32.9,-70,72.51468505,5.537410339,0
43,31.3,0.96,89.3,44.2,-74,74.72547306,7.953622703,1
51,,1.39,102.7,61.8,-35,60.64318048,13.60531257,1
87,76.4,3.71,167.9,93,-34,97.71482898,17.81623789,1
17,7.2,0.59,49.3,36.1,-42,71.9979836,0.821327475,0
42,16.6,0.97,29.9,14.2,-67,90.55294764,1.430776438,0
27,17.6,0.9,56.9,24.8,-33,72.94409792,6.501030472,0
43,46.3,1.42,78,36.3,-31,76.16042424,4.655593689,1
22,8.3,0,,27.8,-41,36.13698299,5.298617724,0
80,70.8,3.26,167,233.1,-55,37.31308282,4.425399973,1
19,26.4,2.25,43.7,23.4,-60,80.46861846,3.916500977,1
50,32.8,2.65,97.1,50.4,-44,36.70356603,2.612479337,1
76,57.3,2.46,127.5,,-57,60.64930637,18.67908264,1
43,32.2,0.69,86.9,38.6,-89,32.44170798,2.883789278,1
156,45.9,1.89,93.6,66.9,-49,83.52850427,4.088075495,1
,49.6,3.77,96.4,42.4,-88,19.94512161,4.92531448,1
28,19.5,0,57.1,19,-61,84.65019758,18.66029746,0
95,91.3,,184.4,100,-83,64.24568205,15.11428267,1
93,81.9,3.92,176.7,96.6,-39,26.82185813,15.79398861,1
60,29.8,5.88,117.2,54.4,-84,58.7831847,2.095165191,1
48,108,,96.1,43.7,-79,35.42489532,16.7261975,1
18,15.6,,37.7,23.4,-33,39.11206013,8.163861636,0
32,27.7,1.36,95,29.9,-72,41.63752374,5.256460524,1
81,60.1,3.2,173.7,,-65,15.69873223,11.51500167,1
243,67.9,2.32,143.3,72.2,-63,98.7365516,16.44365812,1
18,12.1,0.33,35.4,27.1,-76,12.83811653,15.57304302,0
,15.1,0.11,46.9,21.8,-77,69.62471859,17.79994965,0
69,18.3,0.32,62.3,34.8,-43,43.4104883,18.56264372,0
16,30.6,1.01,41.9,26.8,-32,68.14092619,4.762441429,0
35,39.2,2.72,49.9,37.2,-77,42.06234278,8.477157883,1
46,19.8,1.75,,48.2,-88,70.63755816,0.292570784,0
73,52.8,1.86,118.4,64.1,-41,75.63119585,17.58643319,1
43,,2.21,82.5,47.5,-62,72.14973764,3.091443029,1
31,18.2,1.22,83.5,37.9,-31,20.25657832,17.22949625,1
24,19.6,1.22,48,23.3,-37,69.12039112,6.58774644,0
53,33.7,2.18,83.3,51.4,-85,35.19887945,7.3626718,1
99,90.9,4.06,172.1,99.2,-42,12.59212335,0.78264509,1
27,,2.12,61,44.2,-68,47.33476047,6.537575795,1
19,17.3,0.07,,17.6,-63,49.01887925,17.76727366,0
49,54,2.22,96.3,49.5,-77,52.045672,0.510948022,1
4,11.1,1.99,18.8,9.4,-77,73.43417489,8.126549461,0
76,56.8,4.2,143.7,72.3,-71,37.79594282,0.627992596,1
43,41.3,2.78,95,43.2,-78,38.37524618,7.418468502,1
43,25.7,0.63,95.8,34.5,-64,15.44970306,3.452812816,1
76,56.5,2.03,139.5,75.5,-31,71.81390944,5.044367865,1
74,47.1,1.75,142.3,75.6,-56,61.10434823,17.55196746,1
112,83.8,4.48,180.8,100,-46,41.44826014,8.720984412,1
82,68.4,2.45,160.5,80.4,-35,73.4670081,5.475959828,1
102,70.8,3.64,,82.9,-89,58.36219743,11.78676756,1
30,,0.53,52.4,43,-50,52.23204513,2.842139197,0
17,7.2,1.05,39.2,9.6,-46,56.01920893,5.187832148,0
21,29.1,1.4,47.9,32.1,-51,67.27133127,10.92495935,0
26,27.8,0.55,57.5,33,-43,69.40023441,4.750460837,0
28,28.2,2.19,59.2,37,-67,36.00620372,13.58255475,1
81,61.1,2.11,,79.9,-62,22.66690271,9.829826045,1
36,22.7,0.98,74,35.3,-88,24.09707631,15.43978141,0
39,27.3,1.07,85.1,34.1,-46,67.54517973,18.96489071,1
67,46.3,2.12,112.9,168.9,-87,88.55859572,2.316097787,1
66,,2.48,117,66.6,-41,46.85466505,6.6933002,1
53,39.1,2.41,118.3,52.5,-89,25.25681443,6.390981258,1
38,37.2,1.46,284.1,48.4,-71,78.09422485,3.023658387,1
72,55,1.49,112.2,70.9,-37,84.9240527,16.20606275,1
46,40.1,2.1,,47.9,-38,89.25241988,15.19757408,1
84,77,2.54,179.2,85.7,-76,64.6148286,9.688509417,1
17,20.7,1.01,45.2,27.4,-42,87.46557034,10.75541556,0
16,14.1,0.16,31.7,6.8,-59,11.38734626,1.19088276,0
34,33.2,1.52,44.5,32.5,-49,19.65122216,11.11014705,0
6,18.4,1.22,36.4,10.1,-90,18.33184603,15.82683048,0
27,39.6,2.8,101.2,33,-53,74.13442158,11.47655147,1
20,9.1,0,43.8,21.8,-56,16.26236052,5.306127402,0
,44.5,1.93,94.5,40.5,-40,54.67279352,13.35096545,1
40,32.2,1.39,116.5,44.5,-84,52.54362088,7.229768599,1
116,100.2,4.47,199.3,100,-46,37.96331712,10.89746569,1
65,50.8,2.57,110.1,68.2,-78,88.33646529,9.751307266,1
14,20.1,1.19,51.4,17.9,-42,25.33898817,7.623500019,0
12,20.9,1.81,23.7,7.8,-90,41.7216506,14.37755961,0
57,35.9,1.89,110.9,50.1,-77,79.675435,17.67752224,1
56,45.7,3.56,106.2,61.1,-62,12.7380083,0.10425037,1
41,40.6,1.62,91.6,52.5,-33,70.56553602,18.67233038,1
70,53.8,2.11,,74.2,-88,83.47579537,10.23030272,1
15,16.7,0.94,25.4,12.5,-45,93.9041055,14.01463761,0
81,65.6,2.93,165.1,73.2,-67,88.86669764,17.11249132,1
48,30.4,1.81,89.5,35.2,-90,38.74457052,9.342073846,1
91,77.6,3.18,166.8,77.8,-43,62.77277272,16.69948147,1
16,15.4,2.08,38.3,29.7,-81,16.95641438,3.552396389,1
63,44.5,2.46,98.6,66.1,-78,33.20830032,3.18335069,1
47,,2.28,77.4,50.7,-55,18.48001409,13.14942738,1
31,26.1,0,69,35.5,-82,38.36685611,17.40286011,0
103,70.8,2.29,209.4,92.8,-77,88.76684921,17.84852355,1
7,2.8,0,25.7,7.8,-55,41.24501557,12.87480917,0
29,24.2,0.52,61.9,36,-81,60.57082927,10.5097846,0
17,19.5,0.53,38.1,28.2,-51,49.00427633,6.627861754,0
,58,2.78,172.4,100,-68,51.30248719,19.60000831,1
26,30.1,,72.1,35.9,-56,97.26148467,6.393913733,0
37,27,2.62,,30.4,-36,36.65390214,14.88372214,1
17,20.7,0.73,51.3,31,-84,66.45920226,10.639636,0
113,91.9,2.78,225.7,100,-49,47.80564026,12.17024685,1
44,30.8,1.3,103,44.4,-56,15.50315629,7.869611012,1
49,35.9,2.07,102.6,44.1,-89,54.03977485,19.29646251,1
54,50.4,1.72,109.1,69.5,-76,83.20089961,11.43364652,1
,206.7,2.91,170.6,85.9,-82,18.88776718,18.75575261,1
85,54,2.6,156.2,68.2,-44,16.26326627,0.151828323,1
9,4.2,0.82,23.6,12.6,-74,23.82683684,11.45341166,0
22,25.6,1.45,52,23.4,-52,78.79601003,14.34373779,0
,,0.61,47.2,28.8,-39,75.15958457,14.90160342,0
45,39.6,4.01,115.8,60.5,-73,60.8515992,18.09953764,1
156,45.4,1.64,117.7,47,-76,52.14037637,0.08803218,1
29,34.6,0.09,62.8,36.2,-73,89.94932332,0.006603185,0
44,21.2,1.52,123,53.1,-67,79.00280415,9.445269216,1
20,25.3,,56.2,37.2,-68,83.07480262,0.5858741,0
16,14.1,1.09,12.2,8.4,-79,83.19360712,19.49065107,0
25,33.8,2.23,67.2,22.1,-68,67.84454393,4.441303491,1
20,32,1.95,60.7,26.4,-70,51.22131619,9.453294587,0
52,62.3,3.82,111.4,47.4,-65,87.82099773,1.2227526,1
92,76,3.48,170.1,90.1,-83,93.34066758,10.44096832,1
22,23.5,1.43,52.2,17.6,-61,12.14254389,7.599122503,0
10,8.6,0,15,13.3,-57,14.63993859,0.893200578,0
38,36.8,1.64,73.6,40.2,-89,96.28689672,6.702485334,0
24,23.1,1.73,56.8,25.2,-86,34.94445525,7.828720404,0
86,68.4,2.46,183.8,99.2,-60,88.60324957,19.79842983,1
37,26,1.56,74.6,,-58,44.99156071,4.157717438,0
68,63.7,2.58,143.3,81.1,-37,20.71900518,10.89559231,1
13,34.4,1.03,49.7,29.3,-87,17.23988802,19.74631098,0
38,16.2,0.12,91.3,34.7,-85,24.08571092,15.84038416,1
26,39,2.13,73.3,25.4,-68,32.49038754,19.86735002,1
40,35.9,2.08,94.6,49.7,-46,53.96665185,19.36596629,1
19,30.1,1.24,58.9,20.3,-72,73.13481105,9.790790842,0
37,19.3,1.34,55.1,38.2,-48,98.77587188,13.927517,0
51,42.5,1.97,87.8,60.1,-46,49.7356069,2.208862539,1
104,73.9,2.36,194.2,92.5,-83,56.63664481,8.822976501,1
9,17.9,0.38,16.7,7.4,-52,56.96341312,16.18037085,0
24,27.8,2.32,35.7,34.1,-78,58.54909199,10.10670642,1
43,46,2.42,99,,-90,56.59665914,14.05398066,1
30,27.4,1.65,67,41,-85,10.78972796,14.9150266,0
27,7.8,0,162.6,21.7,-84,10.15523399,5.069382825,1
85,71.5,3.91,156.1,90.4,-43,18.78996863,17.51398746,1
39,36.6,1.97,76.4,50.2,-64,19.14009431,9.196448618,1
57,41.6,0.89,110.9,67.4,-76,73.44072181,4.203702072,1
77,66.1,2.39,143.9,70.1,-39,28.44244293,17.30831764,1
62,51.3,3.31,144.6,75.1,-57,90.52426943,8.356376122,1
64,64.7,3.21,129.7,71.3,-33,93.57456966,15.00624877,1
41,39.2,0.83,81.6,41.8,-34,97.83040041,10.96066144,1
,171.9,3.57,,52.7,-68,94.51731744,7.637435045,1
92,97.7,4.09,187.9,96.1,-43,34.46994897,16.1975283,1
34,29,2.23,84.4,45.9,-42,55.87991602,11.68939863,1
50,46.2,4.14,110.9,53.1,-67,25.79094732,7.811242049,1
30,24,0.44,59.3,38.8,-76,82.55886897,2.191957407,0
46,44.6,1.82,119.8,52.9,-56,89.95885346,17.90890628,1
37,35.1,1.99,91.8,36,-87,86.61599554,0.709391707,1
40,33.2,1.9,48.3,43.5,-47,49.00302538,17.26374697,0
66,52.8,,148.8,69.9,-54,78.28064962,7.199230498,1
38,33.2,0.79,87.5,40.7,-74,18.78212526,12.78677527,1
18,28.5,1.09,,17.8,-60,13.62202936,18.44399448,0
41,18.5,0.87,100.2,45.2,-53,77.79127729,3.03413231,1
86,55.9,2,188.4,80.8,-81,48.28197469,11.33900951,1
62,45.6,1.85,104.8,,-37,99.59943383,15.28865725,1
57,27.2,1.97,33.3,24.7,-41,18.75287943,15.15167665,0
8,3.2,0.51,12.8,12.8,-64,87.00649134,10.51263829,0
43,,1.8,98.5,58.5,-49,53.1984759,12.4947892,1
20,29.7,2.33,,15.4,-85,84.4435176,15.15053988,1
53,38,2.1,102.2,46.3,-35,83.5414554,16.82055276,1
75,62.9,2.61,,73.3,-85,92.43928012,15.23626194,1
40,49.5,2.67,83.1,53.4,-39,36.80650102,7.080098864,1
23,35.5,1.63,,31,-76,95.48194181,19.93452802,0
14,10.8,0.06,30.6,10.9,-87,23.65002643,8.690053874,0
37,46.2,1.27,69.9,35.3,-34,17.37718998,0.489294055,0
22,23,1.67,59.6,26.7,-43,48.84539656,7.252339032,0
31,85.8,1.14,67.3,34.4,-37,84.54906718,2.555659091,0
49,41.6,3.23,111.6,182.1,-35,52.60790176,2.428852315,1
61,56.1,1.53,123.9,56.5,-51,84.63580098,5.630700802,1
54,619.3,3.17,119,71.5,-84,75.67181252,1.067509884,1
48,30.6,1.34,116,45.6,-40,28.84855475,13.77024377,1
11,21.2,0.73,,16.5,-33,95.39934624,1.479777684,0
14,17.4,0.2,52.7,10.2,-42,15.47030518,4.065791109,0
75,,2.79,504.3,87,-38,90.84517368,1.85799429,1
,,3.59,125.4,76,-46,37.39991041,1.263354618,1
31,16,1.27,48.3,28.1,-44,55.01332748,5.355033311,0
,,0.01,32,32,-65,48.01166854,11.43797935,0
11,12.8,0.88,17.7,26.9,-33,25.46511012,19.29371113,0
28,27.8,2.55,58,34.7,-60,42.23321798,17.51113309,1
55,36.1,3.42,324.6,51.7,-89,27.36409927,17.51867851,1
28,23.6,1.23,67.1,28.6,-63,28.34978279,3.521340721,0
58,,2.5,95.1,53.9,-49,26.83511524,5.29814387,1
48,45.3,2.26,80.4,54.5,-78,54.01156423,1.527866336,1
64,40.2,1,105.6,69.4,-73,81.81382308,15.5693668,1
38,34.9,1.77,83.1,115.8,-61,61.20730304,1.39632603,1
78,67.2,2.47,145.5,73.3,-36,90.38859297,11.13391342,1
79,61.3,1.96,145.3,83.4,-80,67.28900397,4.957511446,1
98,73.4,4.98,198.6,94,-78,72.04061041,4.868912681,1
72,69.2,2.18,141.2,77.7,-40,70.08465068,19.8145011,1
63,51.1,2.21,109.8,61.5,-67,50.45132739,15.13559614,1
36,23.3,1.63,52,32,-34,72.040494,16.73878717,0
86,68.9,2.98,164.7,,-62,16.27369718,11.43965371,1
29,33.7,0.56,76.9,35.4,-35,87.38663247,17.42028575,1
24,19.6,0,65.2,22,-37,80.00309291,12.90981078,0
39,12.9,0.77,91.6,37.5,-86,32.07069624,18.9234741,1
17,4.4,0.12,44.4,21,-56,79.12292088,5.626771721,0
19,92.7,1.49,36.3,31.1,-72,11.13783413,11.90639092,0
114,84.6,3.55,197.6,,-36,29.55219152,13.80262696,1
31,29.3,1.73,46,39.9,-78,15.86235148,7.858746101,0
37,27.3,1.14,81,34.1,-86,80.2204225,17.59415965,1
32,37.6,1.62,61,41.2,-47,78.02867361,19.59606326,0
50,36.6,0.82,141.2,57.6,-77,83.22724214,9.875389827,1
57,155.4,1.84,109.2,59.3,-53,10.4033524,7.812813096,1
14,,0.84,31.1,37.1,-69,55.1109454,9.438758571,0
,51.8,0,,39.7,-82,73.43525778,17.05473491,0
43,31.4,1.14,78.4,38.8,-42,23.98610159,12.90936851,1
44,38.5,1.16,92.8,30.9,-51,68.48116548,0.89544745,1
47,40,1.84,89.8,60,-65,17.56990894,10.84339821,1
45,49.1,2.59,104.3,118.3,-46,26.31932705,0.346002455,1
48,46,5.19,66.1,43,-86,52.82171335,15.57070742,1
16,19.5,,41.7,12,-62,68.82086374,6.566245471,0
45,33.5,1.19,,51.4,-37,23.12822143,9.440149642,0
10,9.3,1.73,28.8,24.6,-69,26.67009977,15.97356212,0
48,51.8,2.86,99.8,61.5,-42,28.40017304,0.928976346,1
12,16,1.77,63.9,15.2,-88,31.48307242,3.170830712,0
71,54.8,3.23,128.8,71,-63,30.38984637,7.959207529,1
19,24,1.57,58,22.5,-53,45.56341976,4.598503271,0
74,162.3,1.98,161.4,71,-77,68.84106858,6.758028516,1
38,43.9,2.88,75.6,37.3,-44,49.42286048,19.96349476,1
36,29.5,0.13,73.7,27,-77,79.83765179,16.50828875,0
46,21.5,2.03,70.5,47,-48,74.73416554,17.6780363,1
28,30,1.71,87.4,,-80,21.38742226,18.74109267,1
44,29,1.24,84.6,45.1,-82,14.3957461,6.818717606,1
66,49.5,2.85,170.9,63.6,-53,89.01474076,5.941539156,1
55,50,2.54,98.5,59.9,-44,17.18479599,4.681249851,1
53,27.1,1,97.7,,-47,23.35052626,16.60233823,1
102,89,4.35,197.9,100,-85,11.9919948,13.59103725,1
37,31.6,1.42,206.7,38.9,-90,66.55027288,4.72343965,1
20,14.3,1.88,25,16.9,-66,62.41335068,7.539876584,0
16,7.4,0.02,21.4,33.4,-75,98.82132998,10.13423528,0
6,6.7,0.73,10.1,11.3,-39,89.82391567,10.56280115,0
47,31.7,1.34,112.4,63,-76,46.97588597,17.77455457,1
119,90.1,3.76,208.4,100,-57,43.44272568,7.611322659,1
62,51.2,2.45,145.5,57.6,-74,36.71668309,18.17048061,1
,61.5,4.41,129.6,62.7,-88,23.7166228,8.827351206,1
43,40.1,0.46,92,40,-88,22.42752909,14.9274535,1
36,21.6,0.35,82.7,38.5,-54,21.90553372,18.6050864,1
43,54.9,2.79,74.4,53.2,-74,20.27032815,18.15151408,1
20,28.7,0.37,46.5,24.8,-36,31.64608382,1.139057346,0
54,53.1,1.69,402.9,55.5,-42,37.60017673,4.1140859,1
54,44.9,2.35,121.9,65.1,-39,96.54210739,9.538108511,1
30,43.9,2.97,72.8,42.4,-53,62.06259259,8.631085799,1
62,62.2,2.37,101.8,63.9,-90,98.88361971,12.8178333,1
17,10,0.21,43.9,25.1,-84,43.5220253,18.89418102,0
43,42.8,1.22,83.1,48.6,-65,51.18639693,2.248094226,1
11,15.5,,16.9,4,-44,39.21207932,9.037173303,0
24,24.3,,43.8,31.4,-52,26.45988858,3.848220758,0
48,44.3,2.27,105,55.6,-72,22.8848237,17.88215197,1
42,21.1,1.67,93.4,42.9,-39,95.0571278,19.29160372,1
64,42.2,2.13,112.5,54.2,-37,98.81296136,9.574033638,1
27,34.2,0.79,62.8,44.8,-61,14.04185469,2.080205955,0
39,30.5,1.26,87.9,60.8,-48,23.53112873,15.70589333,1
112,83,4.38,228.3,100,-36,48.11716831,13.94282701,1
15,24.4,2.52,50,30.3,-77,26.77001287,7.093416532,1
55,,2.05,139.9,58.2,-78,42.74923543,17.74814948,1
201,53.1,2.62,122.2,71.9,-71,21.61867149,19.5166378,1
44,36.3,2.21,70.8,50,-65,51.0860581,11.15707698,1
51,48.4,2.53,,51.1,-64,34.45251546,11.31455823,1
53,55.4,3.48,875.5,74.3,-66,41.67145502,5.950270102,1
31,49.4,3.71,77.5,47.8,-82,18.48813863,11.69012072,1
31,38.4,2.4,,36.3,-50,48.53152456,8.79284641,1
28,26,1.93,63.9,32.1,-43,98.49318499,6.043820539,0
27,16,,129.6,13.8,-79,39.59497422,1.34370393,1
12,8.3,0.5,,13.2,-81,88.87863474,5.054157194,0
12,14.2,1.51,34.8,16.5,-85,85.88792275,3.957092994,0
48,32.7,2.44,,50.6,-41,95.68525765,10.84083969,1
39,47,2.04,93.9,51.8,-57,81.1098561,12.03340044,1
93,66.9,3.16,192.8,92.6,-32,69.36371444,12.17143449,1
45,40.7,1.25,105.4,53.7,-39,87.09259998,7.763620021,1
51,33.7,,110.3,52.8,-50,16.80802126,8.424594674,1
44,36.8,2.04,127.4,49.4,-72,51.65475915,16.68476859,1
34,20.6,0.52,97.3,82.8,-85,99.03306148,9.52465627,1
69,60.1,3.34,135.2,64.9,-89,79.26401362,19.75546664,1
45,132.6,2.32,290.4,51.4,-76,96.58678402,8.7923446,1
30,31.9,1.91,62.6,28.5,-74,80.16709205,12.99161889,0
20,32.1,1.5,68.5,22,-75,88.73937707,1.00725998,0
46,43.2,1.55,108.6,44.3,-63,73.58766691,13.06679849,1
44,40.6,1.66,91.3,39.1,-70,78.4451804,17.02852789,1
51,46.6,3.08,115.4,50.2,-83,57.08602089,18.84915677,1
59,49.5,0.8,,58.4,-81,93.18139307,19.94641223,0
26,27.9,0.91,43,33,-81,84.25350196,5.643572913,0
,62.3,1.99,135.1,68.9,-41,85.94964691,11.5074013,1
42,36.4,2.71,89.5,,-81,70.57081909,9.014359711,1
14,17.2,0.81,47.1,12.4,-82,37.41219524,11.27634961,0
78,208.8,2.68,154.4,78.3,-63,13.20668159,3.149059144,1
64,162.3,1.77,140.6,68.2,-67,94.20896165,17.12299145,1
36,36.7,0.78,93.4,59,-72,62.75083139,18.19137887,1
4,19.2,0.63,,4,-58,36.8328674,8.993233262,0
13,8.8,1.24,39.6,20,-87,23.42215971,5.608597231,0
32,19.8,1.51,85.3,33,-35,84.6570849,2.816668553,1
21,18.6,0.02,58.5,24.3,-88,85.2868175,13.6752965,0
79,57.2,2.94,169.5,71,-49,83.30571713,6.244636792,1
19,28.1,1.12,45.1,26.8,-79,68.05744228,18.1907714,0
28,27.4,2.89,73.8,48.7,-73,42.94138488,13.4202495,1
42,34.4,1.09,104.6,52.5,-68,37.36632563,12.9137065,1
43,127.2,,103.3,59.9,-71,10.76992931,11.18804232,1
9,31.9,0,21.1,21.7,-85,85.02468028,0.915526789,0
38,29.7,0.41,88.1,39.1,-38,17.86894277,18.63844871,1
39,40.7,2.64,74.3,44.4,-57,66.76794982,12.55874987,1
111,76.8,2.93,208.2,100,-49,55.36674522,19.88123967,1
18,41,2.4,,24.3,-89,57.4020423,10.7471281,1
60,41.7,7.86,121.7,55.7,-61,93.40415608,14.20221784,1
19,22.1,1.87,54.8,12.7,-82,12.84535101,1.124191157,0
19,2,0.54,31.6,15.1,-64,79.60530022,12.63472354,0
11,2,1.27,36.2,11.7,-49,14.68471585,15.29299223,0
65,46.4,1.06,133.8,72.6,-57,13.43382453,15.5702859,1
55,32.8,1.06,89.4,50.1,-51,48.68359283,15.40223304,1
19,22.5,0.61,48.5,35.3,-67,15.67676569,4.525652546,0
12,28.9,1.15,26.6,19.4,-42,81.02295562,19.50796955,0
38,30.9,1.43,57.7,47.4,-74,57.66067843,19.90364241,0
12,12.1,0.38,35.3,12,-62,12.61349044,1.511917503,0
51,40.5,2.8,114.6,47.8,-55,13.64506178,18.72892846,1
55,44.6,2.17,146.1,52.7,-41,65.14016768,5.788983886,1
50,36.7,2.01,111.1,66,-79,82.55006359,13.78568164,1
109,88.5,4.57,215.1,99.8,-60,49.40195781,6.762218415,1
20,15.3,0.55,44.7,27.7,-42,59.91226044,19.35508647,0
19,26.2,2.18,64.7,5,-82,81.98465086,2.030077166,1
49,47.4,,67.1,60.9,-72,64.94555566,9.954936339,0
23,30.5,,58.5,32.7,-45,30.22842139,8.560955839,0
25,26.5,0.5,58.4,24.7,-45,65.17468233,6.520469046,0
37,41.4,2.25,,48,-74,66.54515132,12.91067982,1
7,11.8,0,4,,-89,76.06962828,2.621114868,0
9,15.3,1.44,25.2,4.8,-51,65.87867688,14.33324836,0
,43.2,,98.8,55.6,-86,97.23179174,19.61184248,1
51,51.1,2.95,115.1,40.7,-32,27.75594778,16.09117429,1
40,33.2,,100.5,48.1,-52,95.59816116,17.20033506,1
26,19.7,1.54,63.2,32.9,-37,58.45055413,7.192734864,0
21,51,1.35,25.8,,-43,70.47605264,6.49773213,0
39,38.9,5.22,83,30.5,-75,18.95154377,10.34096709,1
29,20.3,0.48,70.2,42.3,-74,44.25183472,0.914532295,0
14,16.2,0.07,29.6,14.4,-37,79.24412318,18.90716269,0
49,50.7,2.29,102.5,50.9,-64,73.62199136,2.87570346,1
18,21.5,0.2,33.2,18.7,-84,13.61254493,18.06026078,0
24,33.7,1.81,57.4,26,-39,59.19348371,1.67164444,0
33,,1.09,32.2,14.8,-83,17.94503737,16.45249855,0
49,36.7,2.17,98.5,49.9,-83,99.62707863,3.039250518,1
41,31.4,1.13,59.6,38.8,-68,90.75669297,0.762632282,0
21,21.4,0.59,,18.2,-59,11.89725944,14.38978901,0
50,49.4,1.69,115.3,49.3,-48,87.2784621,5.605306003,1
55,32.8,2.72,122.3,49.9,-44,92.74866405,14.28992306,1
13,21.8,0.78,23.7,,-73,41.81934003,11.10170501,0
41,30.6,0.2,107.5,46.3,-53,74.75514895,2.176147805,1
46,37.9,1.77,86.2,39.8,-37,49.78933716,18.64260147,1
67,50.4,2.61,130.9,77.6,-79,68.97092361,9.046283495,1
48,37.7,3,98.4,52.4,-76,40.62856639,14.68894556,1
23,32.9,0.67,51.2,34.1,-63,39.0303313,10.02041144,0
28,35.6,1.84,71.3,38.7,-36,48.19905,12.0872295,0
,65.6,2.89,179.2,80.7,-53,23.10109828,6.055471847,1
36,41.9,1.55,94.3,43.5,-41,84.8025068,4.00720608,1
42,32.6,1.74,89.1,51.1,-35,41.38281058,10.85140407,1
17,21.5,0.39,32,22.4,-60,46.01345985,8.804379459,0
44,32.3,1.99,68.2,32.9,-39,90.46491514,7.802264269,0
20,34,2.93,41.3,37.7,-82,54.69614327,13.4513439,1
33,18,0,80.6,38.3,-83,58.98285184,13.81013264,1
21,10.3,0.78,69.3,18.7,-45,96.08483123,0.918401122,0
30,25,2.36,35.1,27.1,-72,89.80537448,6.774889885,1
12,23.3,1.53,31,18.5,-40,25.2520038,8.235291005,0
49,38.8,4.32,79.2,29.4,-83,52.58935269,1.937843223,1
50,52.5,2.15,119.6,62.1,-57,97.41666047,4.718017334,1
50,51.1,2.31,120.4,46,-34,43.51296684,1.032835944,1
65,67.1,2.01,143.9,63.8,-87,43.44157977,19.92484197,1
42,29.2,1.65,,61.2,-60,27.55272086,14.73114406,0
64,54.9,1.78,152.3,55.2,-53,20.28908027,1.74900313,1
44,33.8,2.11,86.4,46.4,-88,76.62743117,0.404987596,1
14,9.1,,23.9,19.8,-56,79.30274218,14.385756,0
85,65.3,4.22,194.7,89.5,-72,97.21116672,8.783843314,1
27,9.3,0.76,64.4,21.9,-48,79.60763898,15.73593418,0
88,75.8,3,187.2,93.9,-62,31.90172446,18.46952076,1
20,81,1.09,43.2,29.4,-81,13.61049205,11.98600778,0
20,21.2,5.37,52.9,19.5,-79,98.68936459,3.742168458,1
,46.3,2.35,93.3,,-45,40.6405626,15.64388072,1
59,45.6,2.1,126,66.3,-61,38.07743882,19.11623486,1
55,43.6,1.36,102.4,58.8,-61,91.53596888,11.60462574,1
19,18.2,0,41.5,19,-31,62.65899087,13.63994895,0
28,24,0.34,57,30.7,-73,29.33840565,6.749493901,0
53,45.4,2.86,103.6,47.2,-67,90.01866184,7.630553893,1
96,,4,202.2,97.9,-59,99.40247695,14.69308996,1
18,16.5,0,70.3,,-82,17.8010705,18.55542197,0
47,,1.91,108.1,43.8,-44,87.60264655,12.57976774,1
63,55.9,1.37,130.1,67.7,-67,45.14641279,15.79695817,1
24,22.2,0.51,27.5,28.8,-65,57.16652019,3.432700348,0
,57,2.18,111,60.8,-88,92.33343782,4.239181805,1
,23.7,0.82,57.9,20.9,-68,97.60412762,10.64069374,0
27,16.5,0,74.9,35.2,-80,33.59475194,3.531083845,0
4,2,0,34.8,7.3,-81,29.15656939,12.6999014,0
45,,1.13,110.6,61.8,-41,17.24649027,5.833063708,1
43,46.7,1.7,94,44.3,-55,60.56180674,15.83065237,1
,29.1,2.12,86.8,29.9,-31,11.22439559,16.16220693,1
64,52.4,2.33,130.2,61.6,-78,47.07084678,9.275749115,1
88,76.6,3.06,181,90.1,-62,16.6045615,3.616212701,1
,83.7,4.23,200.2,100,-53,46.47032046,12.93549922,1
84,75,3.64,163.6,83.4,-32,13.59389703,19.85574037,1
70,60.8,0,138.9,66.9,-38,85.16955345,12.45181796,1
28,,0.3,62.2,30.7,-78,28.87650945,0.715493814,0
89,58.6,5.22,172.8,77.5,-34,39.54778393,0.345879515,1
17,23,2.31,52.8,71.1,-65,88.30431969,6.40723941,1
45,30.4,1.19,,44,-71,77.16394552,3.915676137,0
53,60.3,7.74,98.5,52.9,-86,29.71345255,16.26102414,1
19,19.7,1.33,38.8,29.4,-71,16.47094768,16.89611334,0
18,10.6,0.17,44.4,,-77,74.41063992,5.172375426,0
58,52.2,2.86,118.7,67.6,-46,45.16322956,6.512895539,1
39,29.1,1.83,74.8,45.1,-77,78.94719992,4.724939354,0
40,37.6,1.82,69.6,45.3,-83,50.07652951,18.16765095,0
,,3.62,,70.3,-43,41.14021717,10.05298669,1
116,92.9,5.28,207.2,100,-78,50.60848674,13.12274088,1
48,34.8,,107.1,45.6,-67,77.37030871,8.309641734,1
,46.3,2.09,118,46.9,-76,91.19982579,12.62028387,1
,59.1,,515.7,90.9,-40,14.47904769,7.717107534,1
48,45.7,2.52,86.7,36.1,-90,57.17003871,6.793568755,1
84,56.2,2.92,,68,-69,12.95518862,12.68960146,1
29,34.6,1.78,78,32.1,-57,52.15685905,11.82124156,1
66,66.2,2.79,142.6,71.8,-41,89.67545462,5.870559083,1
54,47.1,2.22,110.2,57.4,-40,42.54312398,2.986969006,1
,18.1,0.1,,33,-51,93.9205379,7.371533877,0
,48.2,1.6,124.1,54.2,-88,66.75476245,8.303952783,1
18,14.1,0.98,,15.2,-36,94.07398094,12.57368667,0
33,17.4,0.19,61.1,31.4,-65,78.14499629,18.29057527,0
63,55.5,1.86,129.5,61.9,-77,19.309165,0.723695951,1
37,26.1,1.8,56.7,36.1,-33,30.80362308,4.873220251,0
28,15,1.24,48,,-50,45.47534091,3.874318846,0
48,39.6,1.87,77.9,45.9,-83,25.30961938,10.04588817,1
53,45.7,2.07,,58.1,-42,54.54204443,8.594016141,1
,25.1,0,70.8,20.7,-36,52.42313401,14.58075248,0
41,17.7,0.79,67.1,26,-36,96.06332782,4.848318251,0
45,56.8,2.74,75.8,57.1,-35,49.03550946,11.88996731,1
67,55.9,6.3,142.3,65,-75,80.70641239,17.67714527,1
11,21.4,1.08,27.9,15,-49,94.77194904,18.2135548,0
60,47.9,2.31,122.2,56.4,-70,88.92899479,19.17569209,1
91,64,2.37,163.5,86.2,-81,28.78008621,15.46522304,1
38,44.1,1.58,84.2,49,-34,54.64269048,18.11975813,1
39,49.4,2.95,97.4,37.1,-66,41.29658041,4.69061744,1
18,2,1.69,55.6,11.4,-35,45.98728256,3.951618887,0
31,34.1,1.49,60.5,29,-53,42.47261436,0.129761676,0
,11.2,0.75,48.5,,-69,84.37232892,14.13688715,0
75,58.8,2.84,140.7,82.4,-42,50.69251496,18.74934376,1
8,9.8,0.43,24.4,26.4,-43,57.1324899,3.738706901,0
65,48.4,,166.5,194.7,-44,98.42026213,12.73887151,1
40,22,0.91,,39.5,-37,15.3981345,14.92919518,0
35,124.2,0.86,242.7,39,-45,53.91618758,18.5522847,1
51,34.4,1.31,103.8,58.4,-87,79.66555363,12.93720448,1
15,9.5,0.53,38,14,-87,23.60457624,19.40587465,0
,49.8,,80.9,47.7,-61,65.03784352,6.89346282,1
43,32.1,1.99,92.9,,-89,31.55183016,6.998570675,1
,46.4,,118,62.6,-62,88.06637019,10.8602502,1
228,60.4,2.63,135.1,73.7,-48,39.43896989,7.670037622,1
18,17,0,52.2,27.3,-55,39.61565352,0.028514566,0
32,22.1,0.9,84.7,28.9,-70,63.83744907,14.6354405,1
26,35.2,0.47,28.3,35.3,-31,26.52066173,15.03434083,0
19,24.9,1.05,56.1,28.3,-70,35.6399775,14.93949209,0
31,62.4,0.68,59.3,39,-43,47.49686651,6.900413332,0
42,31.5,0.67,82.3,38,-70,41.82740768,10.44578947,1
77,51.2,2.67,148.9,82.5,-87,57.23894962,7.199470364,1
48,32.2,1.65,97.7,68,-90,63.96761297,0.320728001,1
32,33.3,,80.8,48.1,-65,61.00007084,11.24897883,1
45,,2.94,83.9,47.8,-35,68.87514808,2.475213322,1
54,49.8,,84.4,44.2,-40,37.69745649,1.600826482,1
42,29.7,1.58,82.5,43.3,-89,21.37836044,15.10998137,1
45,47.9,2.24,89.2,42.7,-82,78.47267873,0.190124048,1
12,10.4,1.46,50.9,20.2,-36,86.57023444,19.18016887,0
8,15.5,0,4,16.3,-34,33.1305609,10.30510728,0
28,13.6,0.68,54.1,33.1,-46,46.63827605,19.66032861,0
39,49.5,6.51,72.8,41.8,-73,54.87122953,1.159951449,1
,42.1,1.29,87.7,62.6,-43,57.99941585,11.67059098,1
23,24.5,2.12,39.5,38.6,-43,69.3541154,6.98654072,1
45,44.5,1.63,126.2,53.3,-34,13.744291,16.86964986,1
68,51.1,3.02,139.3,74.1,-49,74.93293745,7.224454705,1
16,9.5,0,14,25.7,-50,15.57739063,5.209751581,0
29,11.4,0.6,75.1,27.3,-80,52.14597109,17.15106254,1
48,39.1,7.14,107.1,63.5,-66,84.4904022,7.493061833,1
76,65.1,2.01,150.9,77.6,-65,50.6093782,0.336666397,1
73,49.6,2.18,163,70.4,-33,23.41807739,7.805782017,1
,25.2,0.78,96.5,45.6,-55,98.65304605,13.09044538,1
37,31.8,0.78,91.2,33.6,-49,90.03569159,5.087190776,1
84,70.3,1.94,195.8,92.6,-56,79.41822699,8.639751849,1
28,25.1,1.13,42.7,44.4,-53,47.03604426,1.134302766,0
44,158.7,2.96,76.8,45.8,-88,26.54611542,11.76185583,1
38,32.3,,89,44,-32,94.72700633,15.12589848,1
19,14.1,,70.2,15.6,-50,57.91160139,8.266251228,0
57,64.3,2.52,109.2,,-56,86.71199143,8.404652656,1
21,31.1,1.95,82.2,37.6,-41,40.78855052,1.765649972,1
15,32,1.11,154.2,24.4,-51,40.17594854,4.03881729,1
81,69.2,9.87,152.6,,-69,98.69864326,3.093506063,1
23,24.3,0.45,58.8,23.9,-83,56.96497436,9.633755373,0
48,46.6,2.71,307.8,59.7,-76,22.66258815,10.58511082,1
47,48.6,2.25,111.6,50,-46,29.77072102,18.97880263,1
41,32.7,1.46,90.9,31.9,-84,53.37498515,1.464630086,1
54,59.8,3.23,111.9,56.2,-72,13.82238194,11.99735946,1
59,54.6,2.45,119.8,53.1,-51,51.62805868,10.52997055,1
23,19.4,0.57,26,24.9,-49,47.70467579,10.32466196,0
85,,3.56,172.2,100,-74,80.14026388,17.46318575,1
57,49.3,1.79,105.6,54.7,-90,41.9447768,4.110769414,1
46,34.1,0.76,96.8,55.2,-46,98.42938854,0.815465487,1
56,50.4,2.63,109.5,54.1,-62,26.26929274,13.44543015,1
23,30.1,1.72,53.9,28.7,-33,63.18880165,6.903149283,0
46,,1.46,87.3,130.5,-78,18.07293673,0.351798324,1
70,48.3,2.37,142,67.5,-35,76.04775856,5.027480146,1
43,19.4,1.06,60.5,40.5,-43,99.52783193,6.186535484,0
31,34.7,1.41,81.2,43.5,-62,83.7224774,12.33676754,1
40,39.2,1.89,88.9,43.4,-50,60.01331866,3.451715881,1
34,15.7,1.2,77.4,18.2,-49,53.62672217,8.261086959,1
49,,1.6,96.6,44.2,-85,85.15269651,9.649508888,1
14,28.5,1.88,42.8,13.5,-86,94.23766762,9.184747827,0
,46.7,1.6,115.5,45,-57,99.02858732,19.47881533,1
,27.7,1.08,99.5,49.9,-80,45.68853048,0.910084756,1
16,,0.98,41.6,23.2,-82,99.18257273,19.01936373,0
18,16.9,0.68,53.4,36.9,-53,24.0333627,11.63874428,0
30,33.6,1.19,37.4,32.6,-51,32.81947983,15.9145543,0
12,14.5,0.78,53.8,10.8,-50,18.01145123,8.60785236,0
111,80.2,2.63,217.9,100,-82,34.45646648,9.076757625,1
38,13.6,0.22,92.5,43.3,-83,79.11437965,17.58652998,1
35,24.2,0.64,72.3,36.1,-47,86.76319224,17.91868993,0
19,17.7,1.33,46.3,16.3,-33,80.10033806,4.773777629,0
,15.1,1.25,22,14.4,-51,66.79592004,3.984837572,0
12,9.4,0.97,45.6,18.6,-88,56.25698613,9.924703477,0
39,26.8,,64.5,22.1,-78,73.78338603,18.00554054,0
69,43.2,2.57,104.5,66.5,-72,45.17501943,6.447101868,1
28,25.2,0,67.7,13.3,-57,85.71775163,13.04029231,0
17,10.3,0.15,46.4,26.1,-59,70.94710846,14.16303375,0
55,,3.36,101.9,68.2,-42,72.80242286,15.5734933,1
50,,1.33,91.4,57.1,-75,58.23423938,11.27848916,1
45,33.7,0.79,91.8,,-55,89.67060858,8.049103566,1
66,44.9,,134.4,62.8,-73,32.68132603,19.34031978,1
25,13.8,0.61,72,29.5,-77,44.3032888,12.22661507,0
40,20.7,0.98,87.2,44.3,-61,79.98783127,14.57130423,1
119,72.4,4.98,217.9,100,-89,54.34740065,6.899656914,1
45,41.6,2.19,82.2,43.1,-78,90.02926121,13.39898362,1
20,22.6,0.67,50.5,39.6,-64,41.17593878,5.155953243,0
61,,2.28,142.9,59.4,-32,43.23971519,4.901938351,1
66,55.8,2.29,137.2,60.2,-38,89.98622104,14.29444404,1
37,27.1,1.14,80.4,27.7,-39,51.79332882,10.42789473,1
,32.1,0.86,88.1,32.9,-74,56.45121258,13.66553221,1
34,23.9,0,70,33.2,-60,39.94873438,5.388769815,0
,106.5,1.71,90.3,47.3,-76,34.9002948,11.97446682,1
30,30.8,2.95,74.1,38.3,-34,69.03538398,8.878672994,1
13,2,0.33,37.4,25.6,-71,20.78565954,11.93920574,0
103,84.2,4.6,200.2,90.2,-86,89.13453771,5.817594645,1
55,48.7,0.64,112.7,36.8,-84,80.12828231,14.30901927,1
13,21.6,0.8,46.4,11.8,-73,27.16734373,16.11858732,0
42,47.4,1.98,82.8,34.8,-35,72.46179512,5.198329477,1
34,37.6,2.65,95.2,53.4,-80,64.23696292,6.012411197,1
14,,2.43,40.1,27.1,-59,26.60815457,13.22308539,1
27,22.9,1,55.4,26.2,-41,34.58831554,13.91170349,0
5,18.4,0,17.8,11,-64,46.80878534,14.08199369,0
56,,1.92,94.7,53.7,-65,72.93184617,13.6539701,1
33,29.2,0.93,84.4,33.8,-54,67.48510679,7.856154339,1
19,17.2,1.63,41.6,4.3,-46,57.90113629,7.897073488,0
63,36.4,2.67,53.4,33.1,-63,79.15694888,5.096352473,1
10,15.9,0.47,30.2,,-41,78.21439656,3.136673998,0
20,23.4,1.12,,15.9,-89,65.60732387,13.85154759,0
39,38.7,3.17,88.6,42.5,-71,80.8291075,1.863775719,1
11,,1.06,43.1,13.8,-87,40.08370373,18.75584574,0
82,62,2.76,153.1,85,-78,89.31245755,16.53372607,1
16,33.1,2.07,41.2,26.8,-67,65.34190772,17.1501148,1
9,9.2,0.05,29.1,18.3,-43,84.01271624,18.13337629,0
61,57.5,2.69,117.9,175.2,-53,59.16511943,8.172099414,1
8,,0.51,28.9,4,-33,29.65944205,16.93401447,0
13,,1.19,32.2,,-51,58.81691158,3.161226006,0
47,37.3,0.92,83.8,50.9,-43,43.40004974,0.432835892,1
31,26.7,0.85,77.9,38.4,-46,72.77491324,15.69782789,1
18,11.1,0.86,34.6,81.9,-36,52.82144126,1.49593296,1
34,24.4,1.18,52.3,32.6,-62,85.25015244,19.77049335,0
14,19.3,1.14,4,15,-33,71.02652611,13.49592859,0
57,56.8,,120,71.1,-55,71.60899897,15.0689942,1
71,57.3,3.17,124.7,,-89,29.54398001,4.916077126,1
47,61.6,3.59,105,63.2,-50,98.58247898,13.47730788,1
32,19.6,1.59,49.2,29.7,-73,85.75076883,0.864398745,0
58,29.7,0.29,108.3,56.7,-42,81.01043961,16.7565144,1
,40.9,2.63,112.3,58.8,-83,39.71937026,3.392481861,1
22,26.2,1.17,43.3,30.4,-33,58.20684876,13.94716134,0
43,33.2,1.72,88,42.5,-76,22.33928693,4.489610025,1
21,26.5,1.46,,9.4,-50,58.4628379,1.369063389,0
267,67.2,3.16,,75.3,-74,23.13003218,9.629873571,1
66,,2.27,107.5,60.3,-68,59.77340596,3.385724205,1
,,1.89,91.9,124.8,-89,68.38496921,14.58887977,1
12,27,,32.8,20.7,-85,45.11763705,4.751316868,0
101,86.4,,201.1,95.4,-62,54.86903905,6.849451125,1
45,46.6,1.68,103.6,52,-64,88.80880489,11.34878503,1
38,43.9,1.65,51.1,33.3,-54,19.77068302,5.699365552,0
41,34.4,1.62,92.7,51.1,-42,81.25596037,7.559762324,1
57,45.2,2.78,146.4,66,-57,25.36790959,16.31243542,1
43,51.3,2.49,68.7,58.8,-73,13.30371845,3.584196991,1
20,37.9,2.26,65.9,35.3,-49,26.70171425,1.64403179,1
57,37.1,3.02,113,52.2,-81,78.8538871,6.567155703,1
49,44,2.11,122.4,55.7,-53,46.4613466,8.48753534,1
17,29,0.94,29.8,,-32,88.52684652,10.85318564,0
45,51.9,2.03,87.4,48.5,-47,57.22367871,7.448473924,1
61,49.8,1.85,106.4,62.3,-74,12.00253167,15.798234,1
29,30.3,1.72,78.8,49.7,-32,74.50422486,0.786389753,1
42,29.5,1.53,93,62.6,-78,19.92096178,8.635350764,1
16,17,2.55,35,23.9,-39,81.04416701,7.645118293,1
22,28.7,1.34,52.2,26.1,-31,25.12922948,12.95156982,0
45,24.9,2.27,86.1,,-43,41.09017472,19.32552504,1
27,25.7,0.45,62.6,38.7,-49,78.51442867,10.20750813,0
92,66.2,3.52,156.1,76.2,-64,95.88082217,19.73753694,1
45,36,1.95,68.4,48.6,-38,43.42905556,6.044987898,0
11,2,0,33.1,,-89,84.64601982,0.617362651,0
43,37.2,1.2,75.9,60.1,-57,27.17130389,3.31326335,1
42,36.1,1.22,94.9,38,-60,82.64617932,7.902497695,1
32,16.2,1.52,62.3,29,-68,69.17446533,6.326678184,0
72,57.2,3.47,141.6,55.1,-84,27.34691565,1.94108262,1
109,87.2,4.11,213,96.5,-53,37.22535643,8.653202154,1
34,25.3,0.7,82.8,33.6,-58,21.85937997,6.762315433,1
30,40.3,0.28,66.1,31.7,-79,44.467031,2.452384409,0
87,55.3,2.24,176.4,82.9,-46,28.3283777,5.922342612,1
11,6.1,0.68,25.1,17.2,-79,67.95981583,17.72872111,0
43,40.8,1.78,99.3,42.4,-72,99.50545938,6.04097731,1
76,56.4,2.73,,66.5,-82,11.08082468,14.27910846,1
51,35.5,0.96,104.9,41.2,-81,58.6827832,12.24094159,1
38,48.3,2.8,78.8,48.4,-74,61.62999378,8.543623248,1
67,57.1,3.14,116.8,70.7,-41,92.27879107,4.780512736,1
38,36.8,2.92,76.8,33.3,-51,55.54048013,7.380293987,1
36,26.2,0,85.1,,-52,58.93312777,11.84214427,1
20,28.5,1.22,44.4,18.7,-50,52.44875212,7.015064295,0
29,,1.68,57.2,18.6,-81,34.20138741,4.297928671,0
67,53.4,1.87,134.7,68.5,-79,15.04262199,2.329254978,1
2,9.1,0.68,21,19,-76,46.7791914,17.59533876,0
55,47.6,0.99,107.6,56.4,-60,14.73323241,8.806259515,1
54,29.1,1.02,118.8,33.7,-76,59.54432225,12.50416643,1
16,11.6,0,58.2,16.3,-63,37.65642789,9.808207223,0
74,71.5,3.2,143.9,63.6,-87,58.02421614,17.45133037,1
10,11.3,,10.1,5.2,-55,22.0867268,10.93869705,0
47,38.6,1.83,82,56.5,-36,93.93669692,9.615628359,1
51,42.7,1.43,93.7,57.3,-90,90.50691192,18.49201981,1
44,28.5,0.5,83.1,52.2,-33,27.09968583,14.39379192,1
31,22.8,0.72,,,-47,40.9099855,2.230998147,0
56,39.9,1.38,102.3,58.1,-34,65.21434947,3.554089224,1
79,51,3.2,142.2,81.8,-57,18.61175866,15.74245726,1
26,32.4,1.67,78.7,35.8,-44,41.9111039,16.71702642,1
31,35,1.8,42.6,29.2,-74,32.60010581,10.90381658,0
97,82,3.88,199.1,95.5,-52,92.39650558,11.08910456,1
36,28.8,3.48,83.8,59.9,-53,86.72595727,12.63865926,1
33,25.5,0.59,97.6,32.1,-47,62.18494671,8.782315486,1
59,46.1,,112.9,58.6,-40,56.83117032,13.60398247,1
88,70.9,3.2,179.5,87.4,-58,93.76532151,2.169625151,1
59,41.3,0.77,134.5,,-31,93.91850047,19.22558485,1
,40.2,2.38,94.9,49.8,-70,97.23971128,15.00309648,1
25,29.7,2.28,206.7,23.9,-65,21.28409957,12.62348408,1
31,32.1,0.79,77.3,31.7,-45,24.45020297,6.32644114,1
123,93.8,3.87,223.2,,-55,70.90630288,3.219109749,1
88,62.6,2.55,189,94.8,-86,58.72910289,8.186859277,1
84,73,11.55,154.2,,-58,11.66193144,13.23153481,1
105,76.3,3.59,,100,-90,15.57775324,12.67419487,1
52,48.6,2.94,93.6,51,-38,89.9272344,7.652823101,1
57,45.4,1.41,117.3,43.8,-85,88.1983716,12.26572788,1
16,27.9,1.74,63.5,22.6,-54,42.15438298,16.27496591,0
97,73.7,3.26,203,91.4,-89,90.19455552,0.525695447,1
20,35,2.47,32.6,26.8,-34,63.4307567,9.012420959,1
75,44.1,2.69,132,62.6,-38,82.53150823,15.17110457,1
38,26.8,5.28,52.9,35.5,-32,48.4687964,10.92288941,1
43,14.1,1.03,80.2,43.1,-32,20.20584946,13.02952176,1
20,,6.81,52.8,20.2,-86,49.03543564,10.33352785,1
62,56.8,3.08,117.6,75.7,-65,51.15698182,19.83749089,1
40,67.8,1.5,,37.7,-50,59.58497745,1.09243073,0
50,155.4,3.07,101.4,54.7,-40,19.50244416,9.820896435,1
22,22.5,1.35,,35.7,-38,99.22616767,1.828330982,0
20,,0.41,,12.7,-44,31.97231387,3.195711242,0
33,10.8,0.7,66.2,24.2,-78,27.86971632,7.660767008,0
43,34.9,1.86,104.4,52.5,-79,57.4122627,3.11080183,1
37,35.1,1.98,87.9,,-86,58.34873615,19.27374332,1
32,24,2.2,71.1,104.1,-89,49.5838664,18.93579553,1
22,31.8,1.86,71.2,41.5,-32,79.47029317,6.722192924,0
23,19.2,0.76,48.3,36.1,-87,56.49889607,12.79495424,0
38,,2.18,97.3,49,-32,64.87259096,10.67506641,1
63,64.5,,118.3,71.7,-64,75.13717469,16.31173961,1
78,66.1,2.34,161.1,76.1,-41,12.25225914,12.5489122,1
31,17.8,0.26,67.1,28.8,-38,61.35797643,0.00504909,0
37,47.6,3.05,101.9,36.6,-81,89.57750241,15.26348771,1
82,59.8,,183.4,77,-78,11.56498686,14.93696243,1
36,47,2.13,,35.6,-47,46.46638934,10.19445411,1
,32,2.6,54.4,32.3,-89,93.36047052,18.05837946,1
10,,0.67,60.3,24.1,-65,41.78389621,18.16892411,0
19,25.2,1.76,66.9,69.6,-76,51.28559418,10.47823353,0
77,,2.55,,77.8,-45,98.33872537,12.15976462,1
20,18.2,1.05,30.9,15.8,-34,27.93914731,19.93044144,0
63,26.8,0.87,112.6,68.5,-81,15.87296702,5.976404696,1
33,26.1,1.38,74.7,41.7,-69,87.34803318,6.492344846,0
28,18.6,1.59,59.2,19.1,-51,88.16188071,3.655478053,0
11,29.8,1.02,33.5,35.2,-66,52.48700512,17.91733878,0
69,47.7,2.33,142.7,73.7,-76,56.2786457,14.8897678,1
96,89.1,4.69,171.8,,-78,85.22257327,2.112856977,1
40,38.3,1.41,72.3,43.9,-83,76.47035483,19.63534702,0
6,2,,23.1,126.1,-70,33.8634102,14.61923416,1
58,37.1,2.38,133.7,52.9,-70,11.52040196,17.01044219,1
13,2.8,0.16,40.9,14.3,-69,53.17301463,0.963015783,0
25,28,1.96,70.6,34.2,-45,87.30210935,10.09921838,0
153,40.3,1.52,111.9,53.8,-58,90.6251209,13.97196573,1
59,49.4,2.28,142.2,57.4,-46,96.06035774,10.85893169,1
37,34.9,2.59,89,54.9,-64,89.16069139,13.33294931,1
41,33.6,0.6,93.6,51.5,-51,62.20391998,16.35748127,1
44,46.6,0.82,112.1,44.7,-41,50.01450393,7.486741259,1
35,18.9,1.73,93.1,24.5,-69,79.73648619,16.97337351,1
46,41.6,2.13,92.4,58.5,-61,76.58394709,3.258322095,1
37,38.8,0.98,70.7,,-82,58.43290871,5.417721101,0
86,70.2,2.96,167.6,87.7,-46,17.85946353,0.866912399,1
66,46.8,3.03,130.1,62.1,-56,93.34732121,7.288536227,1
17,54.6,0.97,47.6,34,-73,51.00422838,7.598190896,0
17,20.6,1.2,34.8,17.4,-49,42.70004037,16.10541194,0
38,24.8,1.56,62.8,44,-86,66.66106557,13.06261341,0
43,26.9,1.86,100.2,53.8,-64,70.64541651,8.734451163,1
56,56.9,2.66,117.8,57.7,-34,28.96191253,13.04227957,1
71,69.5,3.9,149,60.6,-85,85.32449603,1.05566701,1
39,37.1,1.47,104.3,,-59,36.09433843,3.60543072,1
11,14.8,0.9,29.6,22.4,-83,26.80155333,12.5389571,0
49,,2.06,87.3,43.9,-35,46.57598676,12.82733638,1
77,72.6,3.93,138.4,77.2,-52,75.75040728,15.48269317,1
56,47.1,1.85,114.4,56.2,-70,96.89123606,8.059995181,1
62,61.7,2.72,145.4,59.2,-73,82.83531379,14.45108193,1
62,49.9,3.11,,58.9,-77,94.63135399,13.67960665,1
28,11.5,1.97,52.5,,-76,22.65452237,19.26786757,0
38,34.6,0.84,77.4,41.8,-49,16.4059119,4.302604528,1
74,48.4,2.54,147.6,65.5,-65,60.19342857,11.03359128,1
47,37.3,0.75,100.8,46.6,-38,36.12677347,12.03528884,1
42,47.2,0.89,88.3,43.9,-47,84.52494757,19.9729577,1
58,50.6,,127.5,52.5,-59,70.47890843,4.023682843,1
37,47.6,2.22,53.8,39.5,-52,97.36553476,10.4643604,1
32,31.9,1.4,66.8,24.5,-63,32.93131202,6.923706154,0
,,1,58.8,39.4,-31,53.72057029,10.51785937,0
27,29.9,1.42,103.9,,-52,55.11164297,4.642572042,1
43,35.5,0.89,81.6,36.3,-48,31.52591154,0.952247569,1
39,26.4,0.82,67.7,41.8,-59,63.10840595,11.45130908,0
12,16.2,0.77,29,20.2,-78,49.89573875,6.717086317,0
,23.6,1,54.9,36.2,-76,50.20494004,3.638828035,0
22,31.8,2.92,50.6,25,-73,42.64629832,6.478711322,1
252,73.1,3.19,179.8,90.2,-52,11.52364172,0.985604029,1
34,55.6,2.55,77.1,41.9,-85,56.98857132,19.00884468,1
14,15,0.96,26.9,27.6,-36,40.17230521,11.6229583,0
33,,3.38,81.3,35.2,-80,10.11878821,16.29537363,1
56,52.9,1.68,132.2,63.5,-59,37.71493369,8.462363951,1
44,41,1.58,101.7,47.2,-51,35.07654998,18.06629335,1
23,44.2,2.86,44.7,54.6,-71,45.41033379,9.666364431,1
21,13.7,0.64,27.6,13.9,-58,21.86667907,11.47890644,0
57,42.3,2.98,108.2,,-51,55.69154422,9.835879601,1
11,12.6,0,42.9,19.1,-83,72.31963173,14.66556592,0
60,,2.02,105.3,59,-40,66.71670121,11.33312155,1
81,23.1,1.03,62.3,36.6,-56,82.33794528,5.431978472,1
20,32.7,2.46,157.8,35.4,-86,50.68074592,2.910790626,1
84,,2.76,157,78.7,-56,56.71825573,12.12248778,1
88,69.8,3.95,169.4,83.2,-44,82.93617468,9.783599231,1
40,36.6,2,93.7,39,-77,48.49310537,1.919513934,1
26,25.1,1.92,39.9,21.7,-70,73.14394149,7.912349316,0
35,27.6,0.15,89,46.6,-44,49.11421318,10.29552844,1
12,9.6,0.48,37.7,4.8,-67,47.59625751,16.53786468,0
70,68.6,2.59,145.4,77.8,-74,78.41850621,1.522021117,1
94,84.6,4.42,215.9,87.2,-73,25.73532239,6.969906965,1
23,40.4,1.52,159.6,32.4,-57,40.47273747,16.45312245,1
76,49.1,,151.9,76.4,-79,30.17550491,12.96847864,1
95,71.4,4.13,169.1,96.2,-75,42.31989487,5.799166436,1
41,35.3,1.92,80.4,52.7,-87,30.73373401,16.90670244,1
81,,3.55,165.5,91.9,-66,62.1465068,9.865871611,1
54,57.9,2.7,93,52.9,-57,81.83537224,9.967037826,1
80,70.4,3.51,,82.9,-63,80.79517551,19.53174678,1
37,26.5,1.01,76.8,23.6,-45,42.80508681,18.94233006,1
36,36.9,2.7,80.6,39.5,-80,98.98843653,7.170653667,1
,2,0.29,43.6,15.3,-78,63.44689282,2.811582573,0
27,17.5,,71.9,,-60,45.94602716,6.513334646,0
29,38.6,2.63,86.5,32.4,-31,85.19853513,0.609665206,1
21,32,1.85,66.1,21,-66,75.68866114,0.415357734,0
34,34.1,2.56,270.9,41.7,-52,77.43478031,7.910442725,1
49,48.8,,84.8,57.6,-81,27.65254148,18.82039645,1
42,24.9,1.1,78,38,-67,52.14918766,17.42714682,1
79,67,5.16,147.3,67.2,-90,87.56453177,10.22885668,1
,,,35.4,34.4,-38,55.36342069,11.30452762,0
27,33.8,2.28,75.1,31.3,-66,71.51074691,0.118669935,1
24,21.8,0.16,56.5,27.7,-63,62.91403597,4.310023117,0
50,48.8,2.37,129.4,47,-55,85.81211089,0.495482539,1
20,30.5,1.53,59.4,25.5,-73,35.61047558,15.09079065,0
64,62.8,3.29,119.2,72.2,-85,61.79277501,2.912915921,1
19,20.6,0.5,38.3,23.4,-89,21.09112012,17.38094205,0
42,38.9,1.95,84.2,45.1,-88,72.1189699,12.86648627,1
14,13.3,1.29,38.2,23.5,-45,75.87710545,4.58837353,0
57,34.5,1.42,124,65.1,-83,13.85535891,3.154406342,1
28,24.3,1.88,80.8,19.7,-60,70.82118673,12.55249402,1
91,69.5,1.54,184.3,91,-43,47.32211387,18.01673961,1
35,,0.74,77.5,56.1,-72,21.16871885,14.36720438,1
20,27.2,1.21,44.8,22.3,-41,47.79167929,6.970933032,0
14,13.4,1.11,27.4,30.3,-85,27.48096367,11.74767191,0
30,30.7,0,65.9,50.6,-77,47.40035789,6.215233907,0
33,36.9,2.13,60,43.6,-88,44.59051252,19.98299134,1
22,,0.54,32,27.7,-43,76.45524732,14.97678377,0
147,37.6,27.18,115.8,44.8,-90,79.67940023,12.2876328,1
32,613,0,87.3,39.4,-47,64.63257889,8.465182855,1
43,44,0.74,105.1,,-61,12.0418158,12.36304581,1
49,41.4,2.06,94.1,42.1,-45,93.79200512,6.832321249,1
214,6.1,0.45,59.6,21.1,-72,71.76099521,0.577296789,1
46,45,2.89,83.7,50.7,-37,13.07759049,7.901770447,1
43,30.4,1.15,79.6,49.4,-72,83.69496093,18.60961639,1
48,20.3,1.67,27.3,19.4,-82,28.02395392,12.5260219,0
28,20.8,1.89,35.4,32.6,-84,62.12990706,1.679114061,0
42,28.3,,73.9,39.9,-45,51.9970933,17.69987227,0
59,40.7,0.86,122.3,60.8,-54,47.78549041,5.377496987,1
43,42.1,0.94,70.1,37.4,-41,90.07423481,4.875389862,0
67,51.9,2.83,407.7,82.9,-50,49.36251624,5.941819376,1
50,50.5,2.13,99.2,,-38,16.78097058,11.54404472,1
78,58.3,2.71,125.8,69,-84,95.19748545,10.89376187,1
95,67.6,4.25,189.5,90.9,-82,92.84817081,9.828275092,1
,30.2,2.26,69.9,,-87,71.59894206,14.35073727,1
44,43.1,2.14,97.7,44.2,-66,52.11032753,6.330754627,1
87,69.7,3,149.9,86.3,-42,18.35735256,15.64129043,1
12,12,0,43.9,20.4,-79,81.16733067,3.506433568,0
16,11.9,1.77,34.2,16,-85,16.7930123,15.65241578,0
,14.1,1.01,35.8,23.6,-73,16.17408864,13.27620211,0
25,,1.02,34.2,28.1,-51,58.36454582,13.66416619,0
52,48.1,2.47,137.6,208.8,-70,24.41154162,9.631067943,1
51,46.9,3.19,104.9,48.9,-76,10.69572406,13.34003065,1
45,35.6,,101.5,55.4,-88,48.08020879,1.595940931,1
46,44.4,1.92,101.6,49.9,-89,22.34955084,17.03102234,1
44,37.4,,80.5,34.4,-35,24.44638738,1.11094467,1
51,34.8,1.88,86.3,45.7,-36,16.92195749,2.974830197,1
43,28.1,0.45,,,-50,28.45843784,11.53579417,0
40,23.6,1.03,92.4,40,-51,74.39357618,14.78822911,1
35,27.6,0.66,76.6,42.2,-32,82.80345765,1.525031287,1
36,15.2,3.44,93.7,37.8,-87,50.72802796,18.41529628,1
94,,4.42,170.9,99.8,-59,55.58984343,19.47215298,1
42,20.5,0,84.2,35,-89,12.93895311,12.11900346,1
23,6.2,1.19,41.4,29.2,-45,16.23846352,9.624869108,0
99,58.5,3.43,187.5,94.1,-62,33.18109531,14.82789945,1
62,45.4,1.66,127.4,66.5,-89,58.95085786,6.567147047,1
38,,2.87,69.5,43.4,-57,76.55960339,9.865288682,1
95,98.8,4.69,166.8,88.5,-64,64.45027552,18.32302054,1
55,69.4,10.14,113.3,66.3,-31,45.29150695,19.1131085,1
83,51.6,2.4,186.2,85.5,-37,20.64916657,18.54138232,1
40,32.8,0.32,87.7,42.9,-52,80.26959114,5.248961339,1
85,63.3,3.06,170.8,84.6,-47,42.74074464,4.649380804,1
26,4.5,0.12,46,30.6,-53,76.2448613,5.953290119,0
108,,3.66,193.1,,-73,56.16809577,8.826222248,1
50,42.3,3.26,108.5,55.2,-55,76.47958482,6.283348256,1
76,55.3,1.01,132.9,,-72,91.65606053,7.484255915,1
21,22.2,2.1,74.6,32.9,-64,92.89265644,12.41273904,1
48,31.2,2.08,85.6,34.9,-46,58.1596102,15.25051354,1
35,25.7,1.36,86.7,36,-71,56.03575283,14.71116397,1
15,14.6,0,51.1,25.1,-70,33.9110619,16.28847134,0
33,40.6,2.85,61.7,25.3,-68,94.22198484,0.643688064,1
96,68.3,3.52,177,91.2,-61,51.21272505,0.954675794,1
51,34.4,,112.4,56.2,-66,21.48321154,15.78765921,1
91,54.1,2.27,168,85.6,-60,48.94344232,10.66157645,1
17,23.7,0.83,39.8,25.9,-64,21.43479252,11.56281348,0
17,20.7,1.53,54.8,34.6,-57,55.22785158,1.051737204,0
15,,0.26,33.6,11,-83,60.51479634,5.106276023,0
76,54.2,,147,64.6,-72,40.39801853,12.7670861,1
101,209.1,2.77,185.4,87.8,-50,16.44855528,17.1836378,1
19,10.5,0,68.5,16.1,-65,94.91531821,18.33966794,0
49,49,3.05,94.8,50.4,-63,79.60178021,10.00838992,1
74,47.4,3.89,125.9,62.5,-87,85.49929725,10.90948465,1
206,34.5,1.14,122.2,51.6,-60,43.01815549,16.66099262,1
23,42.4,0.61,,38.4,-75,78.4747927,10.75249201,0
34,31.9,0.23,69.4,46.3,-40,53.68356057,10.33717051,0
79,59.7,,,87.1,-81,28.09751396,18.10168076,1
42,39.7,,97.6,48.7,-53,21.19810392,15.79865442,1
80,62.5,3.24,160.6,74.6,-43,41.05457824,18.18145053,1
84,58.7,,167.1,72.2,-81,22.37969003,4.364941096,1
17,22.3,0.62,31.5,22.2,-46,99.84420786,10.48750973,0
54,54.7,1.22,120.9,60.7,-82,14.42700912,16.84944257,1
61,25.8,1.96,120,56.4,-52,49.70292394,2.222956549,1
12,6.4,0.06,13.8,25.9,-55,50.68841702,15.89324309,0
72,55.8,3.05,143.1,72.3,-40,37.05687357,3.659467668,1
46,30.5,1.95,86.7,32.1,-33,61.42164091,16.1623751,1
,24.6,0.6,74.7,38.2,-55,23.49793217,12.24001875,0
52,42.2,1.9,105.3,56.6,-72,80.55211425,3.86471983,1
22,,1.16,54.1,34.8,-31,39.92029464,9.467083587,0
39,47.6,2.68,83.5,40.8,-72,63.22083308,13.63810333,1
59,55.6,2.79,127.4,60.8,-79,74.40753125,12.67705802,1
42,44.2,2.2,,45.8,-78,90.01379059,8.544943925,1
25,27.1,2.91,49,37.8,-66,85.22086928,17.98733058,1
165,24.5,1.98,102.4,,-55,64.74781253,10.38526829,1
21,4.3,0.15,47.8,38.9,-66,44.95538623,10.11734597,0
8,4.4,0.41,10.1,4,-63,55.28842031,1.245011799,0
36,28.4,0.93,75,43.4,-49,79.1861314,18.4424078,0
21,28.7,0.36,22.6,30.3,-38,88.97909883,3.542331374,0
19,20.1,1.79,42.7,26.9,-52,19.34037354,10.56689387,0
35,2,0.26,71.4,23.5,-61,44.63706362,16.07135203,0
45,56.4,1.44,103.4,159.3,-86,79.85049386,4.309065539,1
26,24.9,0.98,76.2,24.5,-74,48.84865863,10.5474658,1
85,65.9,3.39,169.9,258.6,-73,39.90049877,4.813698184,1
97,345.6,3.57,183.2,97.5,-48,47.01904271,15.19389996,1
23,28.3,0.92,46.3,,-44,64.25602721,11.28682336,0
8,8.2,0.99,28,13.6,-70,99.98246297,17.11951721,0
44,46.1,2.01,78.5,50.1,-69,54.36931862,17.89116006,1
22,20.2,2.52,75.6,31.7,-52,28.76450275,12.97466965,1
14,10.5,0.47,37.4,24.9,-41,24.65619178,14.50782492,0
,21.4,1.73,293.1,32.3,-33,13.81147727,10.984402,1
42,21.5,0.36,85.2,43.8,-34,60.29355114,7.688574661,1
25,27.1,0.45,71.6,32.8,-85,59.01148823,12.96235846,0
40,36.8,1.51,81.8,42.2,-41,28.47105341,18.16577247,1
46,53.7,2.36,98.9,54.8,-75,72.57964658,8.333607609,1
27,3.5,0,63.7,24.7,-89,76.69963375,6.288200527,0
14,13.9,,40.8,15.2,-40,33.31883848,7.768738771,0
41,38,1.68,88.2,40.1,-90,40.96897876,8.707952604,1
11,9.4,0,48.7,14.1,-34,99.14245051,1.47122058,0
48,41.5,4.92,79.8,42.5,-61,43.68380211,9.968836809,1
44,41.3,1.96,80.5,48.5,-33,78.47215046,9.886284961,1
36,49,2.54,,34.6,-48,50.7452884,11.76887655,1
75,,2.13,147.3,78.5,-39,81.40103451,7.256400609,1
50,32.7,1.46,112.7,43.5,-54,79.21209149,12.26215192,1
63,52.1,2.79,124.3,56.8,-43,70.09804227,17.56432621,1
67,65.6,2.2,142.2,70.8,-68,86.93005117,19.10941981,1
74,52.3,1.94,150,81.1,-90,94.52966454,11.67224432,1
15,10.4,0.18,36.9,4.3,-72,62.19849884,0.851819079,0
51,35.8,0,114.1,39.8,-45,31.37220165,19.38471995,1
25,19.9,0.7,57.7,,-88,45.87660655,14.11724122,0
66,53.4,2.83,144.1,62.1,-89,78.24751422,6.719272971,1
17,19.5,0.79,31.3,18.9,-35,68.57951366,2.943154019,0
63,52.2,2.32,153.3,78,-54,26.00185047,2.868372245,1
25,17.3,0.33,70,31.3,-74,14.6115587,3.354888123,0
36,46.1,2.33,,61.2,-63,71.46654342,0.911450432,1
58,46.5,3.06,357.3,54.4,-73,32.59711216,18.04308377,1
7,5.5,0,28.1,4,-58,54.97032194,10.81536466,0
62,36.6,1.91,107.1,,-76,77.20720953,13.99918825,1
23,16.8,,,18.1,-69,60.64001026,16.56217019,0
33,23.5,2.69,,27.6,-50,17.49723248,15.83082013,1
107,71.8,2.42,229.4,100,-64,26.70222131,17.65211247,1
22,25.6,1.23,46.7,32,-36,29.73953656,19.34509245,0
54,,1.82,123.3,59.2,-54,33.20778283,8.781412295,1
45,33.1,1.25,75.5,55.6,-59,60.88630528,19.00670933,1
,,2.18,92.6,57.3,-31,55.35692018,14.46579897,1
33,33.1,2.96,81,40.1,-46,28.28440345,1.413363806,1
10,8.2,,54.8,15.6,-72,16.07993591,13.63566242,0
30,37.3,1.47,51,36.5,-63,25.4288984,13.73433319,0
73,63.1,3.54,432.6,66.7,-63,98.59431814,18.11721128,1
33,20.5,1.28,80.8,43.8,-35,52.16922548,7.458642649,1
23,21.3,0.86,45.4,19.3,-81,88.06109542,11.69823001,0
87,65.3,4.85,149.8,83.5,-71,86.387722,0.24375102,1
26,27.7,0.88,36.5,22.2,-66,56.03676017,6.641504844,0
,16.8,0.33,34.6,19.9,-70,73.60189376,1.244874523,0
33,20.1,0.72,58.7,37.1,-77,27.34768094,10.43745946,0
20,26.4,1.9,47.7,,-69,71.95570344,16.34895301,0
122,87.6,4.3,223.7,100,-38,34.51461213,4.128853843,1
12,23.1,0,22.3,21.7,-65,84.88558871,10.54882091,0
15,12.3,0,26.7,6,-47,17.53517198,4.08017273,0
45,32,1.38,90.3,49.7,-80,79.58248056,2.413769357,1
15,15.5,1.08,26.4,33.9,-36,18.99432159,10.21993584,0
16,18.7,1.16,62.3,20.8,-84,89.30703132,1.582972419,0
20,29.2,1.46,39.3,14.6,-74,37.37840663,11.74709262,0
69,38.7,2.65,131.6,60.1,-73,68.89540283,0.626749214,1
62,570.9,4.16,421.5,63.6,-84,53.87520508,2.134299437,1
14,23.5,1.95,28.7,22.5,-35,42.96728307,10.99994971,0
49,37.5,1.95,112.6,60.7,-71,68.08976499,11.82814826,1
51,43.2,1.8,111.8,51.5,-53,95.27706825,0.579738602,1
84,63.9,2.4,173,81.7,-80,13.71427726,11.46753576,1
57,49.6,1.83,128.9,79.1,-47,92.69675703,16.77005051,1
63,68.4,3.56,142.5,64.6,-33,64.81734895,14.44632355,1
17,22,0.64,48.8,,-75,82.65828707,2.623702078,0
32,37,1.01,79.7,50.8,-40,44.54874581,11.84949295,1
52,53.2,2.23,93.7,47.2,-36,52.46586774,13.44505,1
24,14.4,0.84,46.9,,-64,88.19656766,0.744624035,0
48,49,2,95.1,67.9,-40,47.33631728,17.10695337,1
18,19,0,52.8,30.3,-80,58.11936101,18.12534795,0
18,19.3,1.05,36.1,24.5,-75,11.81754308,17.00904547,0
37,36.3,,70.3,23.7,-68,24.27382053,16.49262936,0
53,38.8,1.66,119.2,48.5,-31,67.75178572,14.89930397,1
48,38.9,3.07,74,56.5,-32,74.5279211,12.66864063,1
64,40.2,2.98,432.3,59.9,-79,62.43408431,13.5725401,1
21,22.6,1.35,33.5,19,-32,22.89790326,16.12790587,0
61,63.7,2.59,110.8,,-51,50.08648857,13.24996917,1
25,,1.88,71.2,26.4,-88,41.95852897,6.554539134,0
46,38.3,0.78,108.1,45.5,-89,54.60952096,7.519222043,1
5,8.3,0.91,4,4.1,-31,88.32961311,17.94114937,0
24,,1.82,49.5,21.7,-53,79.82752948,0.342441716,0
111,68.7,2.45,213.8,98.2,-43,17.55905513,13.97641162,1
22,10.2,0.93,58.5,30.2,-39,90.1278278,19.09555105,0
94,73.7,3.73,807.5,98.5,-67,52.4590436,14.1245634,1
37,19.7,1.07,87,42.8,-62,76.94759304,19.87823976,1
28,30,0.7,62.4,33.8,-44,22.60353081,13.75089811,0
20,18,1.38,35.9,21.1,-45,70.36475731,0.687260584,0
32,42.7,1.59,59.9,34.2,-57,31.26934158,16.54019763,0
53,64.1,3.39,73.7,48.1,-71,49.45428074,5.692598239,1
53,30.5,1.45,113.3,41.6,-73,11.51765831,8.921144513,1
41,30.7,1.2,98.6,41.1,-77,23.64495741,6.241838318,1
47,42.8,1.43,101.8,44.1,-73,18.28724438,5.371082124,1
75,59.9,2.28,162.9,66.1,-89,31.57697556,8.628114073,1
76,53.4,4.28,,,-90,19.0016281,7.575028969,1
25,34.8,0.54,60.4,23,-71,72.2719024,12.66677164,0
53,41.8,,,63.8,-57,12.6135912,16.26302402,0
2,2,0,12.4,4,-50,65.59664506,5.941773064,0
,20.8,0.02,25.7,4,-50,22.66370477,4.274423056,0
25,35.7,1.27,52.5,32.9,-43,95.06453115,13.33790542,0
78,66.2,3.06,165.4,83,-80,93.97846658,13.40640132,1
19,12.9,0.75,49.7,13.7,-64,30.29527923,18.02262479,0
45,37.1,1.4,271.2,47.6,-68,65.29791684,0.318913729,1
54,161.4,3.34,,60.9,-53,12.52047875,17.06081324,1
55,48.9,1.27,102.7,62.6,-47,93.86096887,10.42004346,1
106,73.8,4.68,189.7,100,-88,57.06885774,12.42604178,1
64,51.7,1.84,110.3,71.8,-79,13.89008363,1.827428811,1
65,62.2,2.48,120.1,66.1,-61,40.82499937,8.652298657,1
96,70.6,4.5,188.2,96.7,-60,16.91645157,4.546048145,1
95,66.5,2.44,164.3,269.1,-68,45.36499954,5.084500602,1
10,2,1.02,4,15.1,-90,70.29337079,10.08190229,0
,49.8,2.47,107.7,,-50,52.29009172,16.24911901,1
21,39.9,2.51,43.8,29.7,-71,44.53499572,14.8756186,1
62,48.6,3.1,,,-37,20.7241341,11.81999918,1
49,42.6,2.09,108.5,58.7,-85,32.04451411,10.78836386,1
43,1.8,1.1,92,48.4,-80,19.0128959,8.546120865,1
21,19.5,,15.5,8.1,-56,82.67488585,19.45419947,0
82,67.9,3.1,153.2,77.1,-87,22.17158452,11.20385108,1
22,20,0.23,49.7,13.1,-62,63.58360299,5.079327966,0
53,45.7,2.06,114.3,54.3,-32,40.84663722,4.601815841,1
19,21.7,0.71,51.4,27.4,-81,30.33805462,12.22706062,0
54,50.7,1.76,92.6,51.5,-40,67.55215955,10.45655055,1
46,24.2,2.25,57.5,34.2,-62,51.13020784,0.153956059,1
210,61.7,2.33,147.5,,-53,46.01309206,16.60130744,1
62,37.4,1.52,129.7,57.4,-90,63.35668044,14.08244708,1
7,21,0.72,40.6,11.7,-51,54.21408656,13.23658579,0
64,49,2.1,,49.6,-83,37.31357877,1.375613154,1
20,39.6,0.25,34,30.2,-34,60.3155159,7.241117003,0
58,47.2,2.34,99.1,50.3,-53,70.25487189,18.70764521,1
89,67.1,2.05,179.5,87.1,-74,12.40238427,17.25178483,1
58,39.4,1.22,137.2,64.7,-72,51.9284556,5.710858757,1
88,0.8,2.97,163.1,86.5,-58,15.19149561,3.141177682,1
87,75.4,3.42,198.3,83.3,-76,26.77648727,8.981759143,1
19,13.5,0.48,27.1,,-46,60.44578607,7.116607573,0
49,46.3,2.56,,57.1,-60,87.95700237,13.64452753,1
28,13,1.97,80.1,36.7,-70,89.45251113,19.3286962,1
37,,0.9,75.9,39.2,-88,16.29496091,7.260029,1
17,28.6,1.09,43.5,30.3,-89,47.71945777,1.244483453,0
21,20.3,0.78,64.6,43.7,-56,62.47058347,17.95228017,0
64,40.8,1.83,112,64.4,-50,23.23629141,0.758994605,1
78,62.4,,132.4,69.5,-32,78.88889951,19.05531794,1
33,31.5,2.51,65,44.8,-75,76.98117326,13.29158856,1
29,27.6,2.39,48.8,30.2,-35,91.30069123,18.83378417,1
75,76.4,2.65,160.7,76.5,-46,10.76374109,3.993193733,1
95,64.5,,184.2,85.4,-40,29.50158196,0.813995905,1
42,47.2,2.11,98.8,43.1,-32,84.44680428,9.764199566,1
46,36.3,1.77,90.8,50.5,-41,70.35220457,9.012468291,1
50,61.3,2.62,373.2,70.2,-70,90.49508683,6.629845465,1
48,148.2,2.15,99.7,42.3,-79,15.14616891,19.15312949,1
42,47.5,1.63,62.6,55.7,-63,63.72675691,16.45167464,0
66,52,1.73,135.5,170.7,-79,61.21419174,13.23164043,1
48,38.9,0.97,90.9,50.2,-58,13.21069747,3.257165833,1
41,42,1.82,71.3,31.8,-71,56.21698692,14.68646816,0
24,16.3,2.45,52.6,32.2,-51,64.85682802,14.54024909,1
29,46.6,3.04,82.9,,-42,27.21638568,8.501363472,1
60,45.5,0.52,125.6,65.7,-70,34.59966248,18.49571819,1
14,3.8,0.81,32.5,12.5,-31,67.63126117,3.339557645,0
73,53.6,2.24,159.2,77.4,-39,52.14708528,5.346751248,1
16,,0.74,57.5,21.6,-37,87.22122918,1.264486785,0
50,49.3,3.05,99.4,63.5,-52,40.81435894,15.90901916,1
71,50.5,2.75,123.9,,-50,33.99936925,12.43518772,1
55,54.3,2.28,143,68.8,-42,98.63793463,6.298806114,1
42,117.6,1.69,102.5,51.7,-32,92.00221931,3.276273272,1
84,61,2.37,,81.8,-49,12.60934705,0.802955401,1
38,23.6,28.14,84,52,-55,79.36557538,3.334911373,1
11,21.3,2.72,18.3,15.4,-69,19.93012964,9.065692927,1
7,6.7,0.88,29.8,5.2,-65,12.47366753,4.94353938,0
42,34.6,2.05,90.3,37.4,-84,34.63259644,5.179643549,1
59,54,0.76,123.4,50.9,-84,34.24112912,17.51152733,1
61,27,2.67,108.2,62,-83,83.73868861,10.30275347,1
18,81,1.39,39.6,22.6,-65,73.96005213,14.58503946,0
43,34,0.1,87.9,48.6,-67,98.34484846,0.714218981,1
22,20.8,,46.7,,-67,74.03616103,7.303267114,0
56,45.2,1.73,118.3,56.8,-51,47.64299979,9.583386948,1
121,82.8,5.29,223.5,100,-43,72.90348949,3.728337104,1
60,51,2.86,122.5,61.7,-79,99.95131605,2.403830829,1
92,71.4,3.82,201.5,88.7,-44,73.91276943,17.40607557,1
44,21.2,0.77,94.9,37.7,-83,78.55132204,18.78863254,1
27,30.9,0,80.9,35.7,-37,94.45285137,1.576133961,1
30,16.2,0.81,54.5,33.7,-82,20.22861352,6.980374251,0
42,47.9,,99.5,43,-88,73.43058641,19.16571256,1
24,21.6,0.71,43,27.7,-37,86.57253622,1.663234663,0
39,42.6,1.62,72.7,36,-70,95.89407402,12.87282746,0
42,35.8,1.22,102.6,55.4,-60,28.98723607,19.44442742,1
19,27.8,1.26,38.6,42.9,-43,55.3536107,19.56447337,0
74,45.6,1.71,138.6,69,-44,71.24993629,9.424466618,1
39,32.2,2.62,80.9,34.9,-67,32.27209566,3.254982156,1
18,28,1.36,43.4,13.2,-87,64.04255769,4.0416863,0
50,43.7,0.91,119.9,55.6,-71,33.18209042,17.7920279,1
41,49.3,2.01,77.4,47.6,-75,40.01113185,18.23366009,1
6,6,0.45,13.8,14,-81,49.73668269,12.15759288,0
18,4.1,1.05,29.4,25.3,-48,57.62710889,15.32352799,0
13,28.4,1.91,44.5,30.3,-65,50.44292845,14.79862503,0
87,71.2,2.49,146.1,73.2,-62,54.38759678,13.23643196,1
43,47,2.1,120.5,34.9,-86,36.87298807,16.5455391,1
9,15.6,0.01,4.5,8.4,-80,24.30685846,13.70813246,0
47,29.2,0.8,113,52,-62,14.26149796,10.68004611,1
31,35.2,2.34,226.5,45.4,-46,27.63808502,4.739127252,1
23,20.9,0.53,74.4,32.9,-76,62.37492774,14.87776288,0
267,,3.27,172.4,,-85,80.7503903,9.468757357,1
33,36.9,,68.8,25.6,-43,25.23228377,5.89583368,0
62,39.1,1.45,106,57.4,-76,19.7699822,16.03892551,1
,40.7,2.27,25.1,18.1,-48,77.43613245,13.93427201,1
41,,1.23,114.8,53.6,-71,37.46424975,18.74679126,1
64,55.3,2.29,135.3,71.3,-57,95.63494953,3.3088328,1
81,69.6,2.89,163.7,70.9,-31,74.28861735,12.98378569,1
72,47.9,3.4,173.8,,-31,39.40804425,4.884789362,1
45,31.8,1.89,90.6,42.1,-89,36.0588473,18.07165971,1
41,37.5,1.62,97.1,34.8,-47,57.13285476,1.989988285,1
57,42.6,2.51,115,50.9,-75,17.12302015,13.12323613,1
7,14.5,0.53,35.3,24.1,-72,20.59088614,15.82171443,0
22,26.8,1.96,66.6,17.3,-57,25.82720932,7.098356807,0
109,,3.82,218.4,100,-42,79.7251234,19.08276159,1
50,43.2,2.39,112.3,57,-77,56.24716233,17.01461369,1
13,4.4,0.48,40.8,19.6,-67,10.95104105,5.892365994,0
26,29.9,2.35,75.3,37.7,-63,70.61648747,0.150821854,1
6,2,0,26.3,17.9,-43,48.13211608,5.933143522,0
35,33.4,2.22,62.9,35.8,-59,55.97671285,5.626209409,1
75,19.9,0.36,43.5,18.8,-54,29.27046191,17.79929215,0
43,23.3,0.96,89.9,45.8,-81,59.66040056,19.34242357,1
49,38.9,3.12,106,50.1,-42,98.12379158,1.408799719,1
61,45.7,0.84,149,58.9,-46,16.61002219,9.425896571,1
10,14.8,0,26.3,8.2,-43,35.55256597,10.96663997,0
40,48.1,2.22,73.3,53.5,-82,31.86978336,1.858233227,1
83,61.4,4.51,144.9,80.4,-67,32.36943797,7.549954183,1
50,41.8,1.29,119,52.9,-55,44.08357218,6.341648348,1
17,21.8,0.73,76,25.2,-35,83.62988063,10.72112709,1
,57.6,2.73,422.4,72.5,-62,92.1572821,13.22381799,1
49,37.2,2.61,124.4,49.3,-31,28.19935787,14.06970221,1
10,17.3,,40.6,118.7,-62,58.86549442,2.735100472,1
,36.4,1.77,99.5,126.3,-33,67.32090749,16.25895404,1
93,68.7,2.5,196.4,81.4,-43,56.96447269,13.5708406,1
,43.3,2.16,78.7,46,-68,49.06687548,17.78149833,1
33,44.5,3.43,64.1,32.5,-64,27.27779553,8.986721189,1
14,28.4,0.72,43,25.6,-60,53.93974233,17.87779525,0
29,20.8,1.74,73.1,44.3,-48,46.10933449,17.31548245,0
43,,1.75,73.6,46.9,-84,81.60070263,8.768186647,0
29,20.5,1.64,85.5,29.1,-42,78.72439232,7.622866306,1
37,,0.7,98.9,45.3,-37,22.05988131,18.6562403,1
55,123,2.46,110,59.3,-46,17.96671473,14.30329469,1
94,71.6,2.58,207.5,89.8,-87,91.73385489,18.56490693,1
63,57.4,2.54,158.7,80.6,-77,58.19575501,15.93949558,1
60,41.8,2.47,112.3,55.1,-49,87.20208436,12.18594879,1
18,18.2,0.86,43.4,27.2,-49,15.23360085,2.31705554,0
29,10.9,0.64,63.5,21.9,-81,57.38640549,5.829613452,0
12,22.5,1.34,43.5,26.1,-32,58.54838631,19.37684814,0
57,55.7,2.38,107.6,68.4,-47,87.46318293,6.388441974,1
49,47,1.13,114.1,54.9,-57,18.78489984,1.865097396,1
,24.2,0.13,25.1,9.7,-65,31.64010073,14.15106712,0
65,61.4,1.29,139.5,,-68,46.58844825,14.68008509,1
,38.6,2.31,110.3,46.6,-82,87.92573279,5.709154406,1
20,23.5,2.04,41.7,20.5,-54,94.49949836,5.953439587,1
30,88.2,0,59.8,25.7,-83,99.34521576,9.37785971,0
40,29.4,2,74.3,,-38,96.32741378,0.435778995,0
98,78.3,4.9,168,100,-77,10.53475803,15.78646021,1
50,41.2,1.14,115.4,48.8,-84,14.29375073,6.341775745,1
12,29.5,0.71,13.6,16.6,-84,23.28461372,17.07526204,0
81,61.2,2.47,,75.8,-82,41.39758871,16.05260843,1
44,44.5,3.38,96.9,59,-88,84.69262279,13.22804066,1
72,51.6,3.99,137.9,71.1,-77,90.33905758,6.497497342,1
26,,0.92,44.4,31.6,-74,26.81509657,10.32633123,0
14,24.4,1.25,37,26.1,-41,65.76977365,8.896585152,0
76,59.5,2.88,150.5,83.4,-47,92.56257866,6.777637725,1
16,20.9,0.82,38.4,27,-69,51.73585623,16.96272579,0
25,30.5,2.05,50.3,,-45,19.31892148,9.670141492,1
28,22.9,0.92,66.2,48.2,-65,51.20322851,16.65446196,0
14,27.3,0.81,44.2,24.7,-33,43.82154121,2.104369483,0
81,74.6,2.71,170.8,71.8,-63,61.98921965,2.820495772,1
117,75.9,3.71,228.6,100,-46,49.4792816,19.5464061,1
2,6.3,0,14.8,4,-77,11.56113342,11.75536925,0
13,12.7,22.22,54,,-82,99.45979601,10.19539347,1
6,,0.35,11,4,-40,58.9186214,10.46312126,0
31,33.8,0.72,42.5,12.6,-65,52.62676799,4.305375481,0
43,48.8,2.06,87.2,55.8,-89,95.91556344,14.37407899,1
15,11.2,0,49.4,22.7,-80,24.02743308,1.695612475,0
,31.2,0.54,83.2,31.8,-74,27.03138423,11.46647426,1
39,28.1,1.83,62.7,42.1,-57,82.72132742,11.41537593,0
93,68,3.91,171.5,85.3,-72,33.4747972,18.28376848,1
63,67.2,2.52,128.6,65.5,-52,81.93043957,10.5236562,1
54,40.7,2.39,119.2,53.6,-73,34.43801346,2.741253919,1
70,54.6,1.3,160.4,76.8,-78,12.98688672,11.45506518,1
42,37.4,1.83,75.5,36.5,-86,56.53132515,1.826552887,1
77,70.8,3.6,132.9,91.9,-41,27.70177907,4.075876706,1
32,11.7,0.34,81.8,40.2,-68,78.20616636,0.622171684,1
33,22.5,0,74.7,36.2,-33,67.70796699,10.26587165,0
50,39.6,2.14,117,45.1,-35,93.12424012,1.690652306,1
44,53,3.24,89.8,49.8,-67,80.46895215,9.387887571,1
,24.1,2.48,59.6,37.7,-62,26.26983594,18.65890071,1
93,73.6,3.47,166.7,84.4,-43,82.0142413,14.39522826,1
39,12.2,0.45,88.2,42.2,-44,67.75633403,1.548233485,1
27,31.2,2.8,51,29,-83,70.20564776,4.484196244,1
51,34.9,1.57,110,41.1,-65,84.90365974,13.4732484,1
17,5.3,0.51,45.5,17.2,-76,61.64416623,17.89403722,0
52,38.9,2.11,93.8,,-34,51.94031629,0.658371735,1
64,57.6,3.15,139.8,67.7,-90,67.29769318,16.24902263,1
66,52.3,2.12,,69.4,-63,36.81616861,11.23627761,1
31,14.2,0.12,84.9,34.2,-42,26.4337418,10.92182651,1
85,57.2,1.91,160.4,80.5,-44,65.49290543,19.15626366,1
17,17.4,1.86,30.4,37.2,-45,31.04635322,14.95289225,0
38,27.6,,91.3,36.5,-77,17.19235984,17.00237736,1
49,38,2.27,97.3,50.2,-49,10.04987661,7.079911391,1
72,49,2.27,142.8,65.1,-57,64.74874613,11.08728082,1
53,61,3.44,123.3,63.6,-32,42.59339051,12.30811355,1
24,29.8,0.79,52.3,10.7,-60,77.70798736,6.431678807,0
45,48.1,1,98.3,50.2,-85,43.76587585,11.4049625,1
20,14,0.79,135,19.5,-42,53.74031034,4.73310759,1
72,59.5,3.52,135,67.6,-86,46.63764755,2.867513421,1
5,,0.48,29.4,18,-60,68.5517312,7.479405186,0
40,50.4,2.79,73.6,55.5,-54,42.05252458,14.78579257,1
28,39.2,1.51,63,106.2,-76,96.73908849,18.32374296,1
101,68.4,3.25,182.6,88.5,-76,94.25322879,9.15428103,1
39,,2.01,86.4,54.1,-39,86.32251124,12.85647377,1
43,29.3,1.9,94,43.6,-48,92.82702435,2.06074262,1
,34.6,,44.5,16.2,-86,50.42257196,18.08927517,0
71,56.5,4.01,146.9,65.2,-63,58.27873571,11.37208427,1
55,39.9,1.48,91.5,59.2,-58,76.78833333,15.60676495,1
,42,1.67,149.7,67.1,-80,72.65313324,15.88882402,1
83,59.5,2.49,179.4,78.4,-48,90.1610736,5.129610527,1
51,47.4,1.96,111.6,79.2,-85,74.46979245,10.58348906,1
20,3.6,0,73.7,23.2,-68,99.80962374,19.20959503,0
43,25.6,1.47,92.9,54.5,-51,41.36552198,1.792690896,1
,34.5,,102.9,48.4,-89,84.9697968,13.66099796,1
41,31.2,1.67,60.7,44.8,-76,72.78713405,19.24528156,0
78,53.9,1.95,154.1,70.5,-68,72.22478007,6.011542161,1
33,13.4,1.1,73.3,41.4,-69,39.32520354,17.22895843,0
,25.4,1.69,114.8,55.5,-82,80.70416132,18.67315091,1
60,48.9,2.56,100.6,55.7,-44,91.03384201,14.94172419,1
43,38.8,1.8,61.5,52.6,-51,29.66936154,4.626566246,0
87,74.1,3.96,152.6,86.3,-61,66.29471534,6.680014377,1
67,,1.23,120.2,70.4,-75,45.29213462,0.716185888,1
,34.8,1.92,79.8,48.4,-32,99.05933074,16.62906468,1
20,,1.3,43.5,124.2,-45,53.09495342,16.99222373,1
,53.5,2.77,157.6,240,-44,30.54881564,12.6542062,1
38,16,0.92,83.4,41.8,-39,44.36718627,7.050557025,1
33,41.4,2.92,63.9,47.3,-61,68.84545508,1.536220553,1
92,83.6,4.83,181,100,-46,16.84804342,15.0611522,1
57,51.2,1.6,105.4,64.5,-82,64.32417282,14.53052387,1
32,20,1.39,82.7,45.4,-90,93.81022833,18.25205043,1
15,17.1,0.95,26.2,14.5,-32,86.53265089,14.61064042,0
84,70,9.78,182.9,80.6,-53,16.0906183,16.57389884,1
43,30.7,1.84,78.1,40.8,-83,99.40508909,14.91909236,1
3,15.6,,12.7,,-32,72.88542313,12.61374377,0
103,,3.49,202.9,97.6,-32,24.60527419,8.539327884,1
34,34.8,0,83.2,43,-39,11.11744803,18.04234617,1
25,26.6,0.6,60.1,27.8,-73,25.41543727,13.01937144,0
12,27.5,1.14,4,19.1,-64,85.43583286,7.967106439,0
104,85.6,4.13,214.6,100,-73,11.94753925,1.669385904,1
,42.5,0.78,68.8,41.1,-59,30.98325733,5.814097118,0
56,40.8,1.53,103.4,55.3,-33,78.15750358,10.8745347,1
41,38.1,1.38,98.4,50,-42,62.74994823,5.5127074,1
42,36.7,1.74,95.5,49,-59,80.44621393,4.424706958,1
40,42.8,0.95,81.6,46.3,-38,77.15354534,10.54787028,1
5,6,1.18,24.2,10.1,-43,14.55412484,3.396406918,0
96,64.3,2.97,176.1,86.6,-46,90.32602772,16.00820127,1
18,13.9,0,49.8,14.7,-37,30.43286509,9.687363027,0
34,22.9,1.98,71.2,37,-55,59.80531962,11.47725548,0
83,82.1,4.31,165.6,75.1,-55,67.98593409,2.947665352,1
62,42,1.7,102.1,65.7,-70,25.17653898,6.491526713,1
78,84,3.26,155.5,80.8,-45,97.8608131,8.201793665,1
70,61.6,2.35,162.7,68.1,-59,53.93403605,16.16425661,1
87,71.4,3.5,195,73.8,-60,15.1878426,15.40319046,1
14,11.2,0.66,22.1,26.8,-54,94.35358403,4.459549496,0
37,40.8,2.06,56.3,38.1,-75,62.76410589,12.32358163,1
10,409.6,0.95,30.5,17.8,-45,72.92738782,4.869127155,1
20,18.4,0.42,51.1,19,-45,57.26582109,19.76494311,0
89,75.5,2.24,188.9,81.6,-77,85.12641593,19.04247756,1
35,38.1,0.43,88.9,35.9,-34,12.9820116,11.26529441,1
21,18,0,38.4,37.9,-67,34.15405287,13.97805144,0
13,2,0,11.1,20.6,-66,52.26835208,16.02860764,0
30,5.7,1.2,78.3,38.7,-45,16.89432547,14.4199684,1
61,52.6,2.49,112.9,55.8,-40,73.53160024,13.99657382,1
18,13.9,0.95,49.2,23.1,-56,45.42970727,19.17108016,0
55,42.7,1.47,121.3,66.8,-74,34.54011912,11.92912213,1
56,52,1.9,105.6,51.6,-45,10.30409621,12.72605344,1
11,15.3,0.03,36.6,,-49,74.78472806,16.98537501,0
67,45.2,2.45,134.4,66.2,-46,85.0428378,13.39781736,1
77,52.4,2.32,169.6,75.4,-37,45.55364821,14.65865244,1
87,35.1,1.42,160.4,68.4,-87,60.77961793,4.683373724,1
41,46.1,1.86,112.2,59.3,-80,30.49179633,7.425338482,1
17,16,0,37.6,10.7,-44,65.99778817,2.946026914,0
17,22.4,1.03,48.9,15.2,-76,11.09237125,10.11530885,0
28,21.6,1.52,61.4,31.9,-61,53.97795074,9.114548014,0
36,34.3,1.66,76.8,,-67,67.97849337,19.94325629,1
49,50.8,9.84,116.9,53.4,-89,92.63725959,12.22417306,1
13,11,0.64,45,21.6,-48,44.32022354,15.72889646,0
45,45.7,2.01,80.9,147.6,-57,78.86711827,6.680293415,1
20,15.2,0,36.1,20.8,-68,63.79183269,16.63090663,0
92,62.8,3.33,196.6,84.8,-60,93.43109016,12.30169933,1
68,56.4,2.1,150.5,58.2,-54,45.85399081,13.93984663,1
20,23,1.03,59.5,31.4,-78,38.71858059,5.888615559,0
64,58.5,2.07,140.8,62.3,-58,89.84277988,10.97276783,1
91,69.9,2.83,195.8,95.8,-84,14.43199613,12.68073947,1
19,20.7,0.18,52.6,25.5,-59,22.27468536,11.78189352,0
18,18.5,1.02,50.3,16.6,-84,17.41639911,18.30387423,0
30,27.5,0.63,81.3,32.3,-49,85.87989609,17.96545329,1
51,34.8,0.62,105.1,57.8,-53,10.9546681,19.41968116,1
56,140.7,2.77,108,50.1,-39,87.54914399,13.34856012,1
35,24.8,0,,44.5,-47,50.61410158,19.4382826,0
49,42.3,1.92,93.6,53.1,-78,10.3622751,16.64956,1
34,18.6,1.49,62.1,35.8,-67,46.14806595,5.416642807,0
50,54.4,,84.9,50.8,-63,26.81207569,8.548713391,1
69,24.6,0.49,65.4,24.8,-59,66.19604387,4.767848844,0
31,20.6,0.59,81.1,39.5,-48,71.14229109,0.083943217,1
61,51.6,1.54,140.9,55.2,-73,53.87748134,3.760975063,1
,34.9,1.76,79.8,42.9,-57,13.64675729,0.081211726,1
81,59.6,2.55,,82.5,-43,69.05159239,14.39676923,1
46,24.3,2.04,71.4,46.2,-57,85.78349052,8.510685954,1
30,20.1,2.05,82.6,31.6,-40,74.82918496,6.251494542,1
89,,0.68,164.4,84.2,-53,84.69621271,15.23441782,1
22,14.9,1.13,59.4,27.2,-90,28.04585712,16.64973549,0
35,26.9,0.16,72,43,-48,89.99991457,19.50599077,0
19,20.9,0.53,52.6,23.5,-41,38.99741056,12.84027169,0
17,12.9,0,45.4,9.8,-49,11.20643328,9.230579171,0
36,30.3,,84.6,40.4,-60,85.90524817,6.105286032,1
120,82,,230.6,100,-41,94.76391421,4.446364184,1
78,41.8,2.05,66.5,28.9,-31,69.00023777,4.25851901,1
42,32.9,1.35,101.8,42.4,-90,30.82929674,8.183787494,1
48,11.1,0.66,56.2,19.2,-40,32.65700179,19.83572711,0
83,67.4,4.67,161.6,80.6,-75,51.99335861,0.017073949,1
57,49.9,2.69,138,61.2,-33,90.80479716,3.944117945,1
21,18.1,0,48.4,23.4,-52,23.46378905,3.767859648,0
27,30,1.39,67.6,21.7,-76,84.33763026,14.34238971,0
76,219.9,2.87,153.4,79.8,-58,36.21725278,7.049694552,1
29,10.2,0,34,29.9,-68,82.77275525,9.145216092,0
30,26.2,1.01,59.6,28.4,-38,92.82440778,2.972482609,0
53,48.7,2.55,117.2,59.9,-50,48.47444848,8.099940778,1
28,23.2,0.07,53.4,14.7,-57,42.85455887,2.063996238,0
79,75.2,4.52,149.2,240.9,-74,82.19991871,10.66086576,1
43,26.9,0.07,,53.7,-66,57.65345941,1.958767308,0
36,51.6,2.62,85.9,54.4,-35,71.60041436,15.81016762,1
21,14.3,0,37.6,22.2,-49,66.05463133,11.33203435,0
,24,1.56,76.4,42.8,-85,23.75999611,14.47935748,1
31,36.1,1.61,79,34.3,-60,86.03113243,8.370327733,1
29,20.9,0.99,83.2,,-86,27.61976003,7.629825865,1
35,30.1,1.93,,38.3,-51,93.90539297,1.964177781,0
71,51.8,1.94,139.5,,-51,32.55141623,10.47711214,1
42,25.4,0.97,19.5,20.5,-61,76.04928759,10.2900433,0
40,34.1,,75.9,29.3,-86,35.61898541,9.362040889,1
43,40.7,1.89,84,57.5,-79,38.60068677,14.81036729,1
61,55.7,1.31,137.8,50.4,-84,37.90016675,16.650088,1
7,15.7,0,24.6,,-46,77.31030286,15.0157935,0
91,74,2.82,153.4,95.3,-78,60.11336062,2.877314856,1
47,46.4,1.38,88.1,44.9,-42,89.46572103,12.44119019,1
31,43.3,2.49,43,35.1,-87,37.66354473,1.606462114,1
98,,3.92,,94.1,-41,72.27932699,13.89244575,1
39,28,0.52,95.2,34.6,-49,77.76537397,7.636781931,1
13,20.3,1.44,61.2,33.1,-88,23.63339017,2.649979125,0
41,34.4,1.95,80.7,40.8,-79,46.05304216,17.24101714,1
30,22.9,2.43,85.3,42.3,-90,53.45357449,12.28016678,1
38,33.2,1.6,84.5,34.9,-64,42.01186509,7.094499359,1
8,10.7,0.81,,10.3,-48,38.99013364,0.614543593,0
2,6,0,47.1,19.7,-41,71.77779046,10.74620518,0
59,44.3,3.56,128.9,60.7,-78,29.42797579,18.46451757,1
48,49.2,3.02,89.9,153,-74,73.84516707,11.92759665,1
26,25.5,2.48,63.8,36.5,-83,94.15397768,19.43301209,1
37,35.7,1,69.3,40.4,-59,60.86777691,2.729022365,0
52,48.6,1.4,,48.7,-71,65.02908131,11.36610209,0
50,46.4,2.16,95.4,50.1,-40,16.20394319,15.96250096,1
58,37.2,1.72,114.4,53.2,-74,87.80292133,10.51081462,1
53,25,0.81,113.3,49.5,-57,35.69030085,1.82132712,1
75,74.1,3.42,164.8,73,-56,65.3546049,11.65772003,1
186,61.8,2.05,,69.1,-56,98.12009528,12.23475812,1
17,16.7,0.44,43.9,32.6,-53,63.59523405,14.57418497,0
,36.8,2.4,107.1,47.3,-49,75.22385387,15.2242303,1
97,89.9,3.78,196.8,85.4,-67,50.07876564,15.41545376,1
38,34.6,,71,33.9,-37,15.43292592,13.26888787,0
2,16.7,0.52,12.3,15.2,-73,81.78394145,4.316223728,0
17,27.3,2.25,699.1,,-41,13.14989571,8.084715117,1
18,21.7,1.87,49.9,31.2,-45,73.0592046,15.52259945,0
19,8.3,0,35.1,17.9,-43,12.06294158,19.06853967,0
,48.8,1.85,111.1,64.5,-52,87.60747129,1.578939297,1
21,5.1,0.34,56.9,30.8,-58,24.18724322,10.71073356,0
58,50.4,2.5,113,48.2,-42,56.28443459,6.250445426,1
100,87.4,4.62,191.4,100,-68,63.7435634,4.507877886,1
85,64.9,1.39,145.2,76.3,-66,51.17908666,10.11621367,1
23,28.2,1.89,,24.7,-54,40.66871404,12.12178681,0
16,16.4,0.27,46.8,35.7,-64,52.10328666,0.195444628,0
18,9.4,0,26.7,,-90,38.02741785,15.60413144,0
43,31.5,1.42,97.9,52.7,-70,49.43101124,16.39764263,1
52,50,2.46,106.5,63.5,-32,42.30216919,19.31021649,1
44,39.6,1.65,78.2,36.9,-42,60.95843412,3.612874664,1
27,22.6,0.31,82.9,49.4,-81,31.4131746,11.89105125,1
38,20,1.04,,,-60,98.97908994,8.53250747,0
12,20.9,2.12,32.3,13.4,-47,55.0782958,6.696557031,1
68,61.6,,129.9,75.5,-66,27.47458697,11.31266903,1
85,51.5,2.33,161.8,77.3,-71,52.93600746,15.64766186,1
95,69.3,,164.2,94.1,-34,87.97736166,0.461055669,1
22,31,1.04,26.6,32.3,-89,11.96261138,19.38800225,0
26,26.2,0.43,58.5,50.6,-36,71.15987072,16.19763171,0
32,24.1,0.58,76.4,59.9,-43,59.31710171,15.02307407,1
95,65.4,3.14,160.5,73.3,-76,25.26021949,15.20774764,1
67,56.5,1.39,156.1,83.2,-63,83.57287954,7.781214192,1
50,57.1,9.45,89.6,46.5,-78,43.19961601,15.03241102,1
69,42.1,2.5,134,73.4,-41,36.44218259,7.735404172,1
83,74,3.01,178.7,75.2,-31,84.53126727,17.97413659,1
35,31.9,1.95,65.9,30.3,-39,67.46725416,3.544447666,0
14,13,0.78,44.2,19.8,-37,90.84331753,5.846948484,0
28,27.6,0.02,,14.3,-77,66.68953333,11.02675085,0
36,49.5,6.21,81.9,34,-41,76.67358921,6.384220718,1
273,69.1,3.67,174.3,83.1,-89,85.28013066,8.484744906,1
35,27.7,0.66,84.2,36.2,-57,14.92656723,9.848453788,1
37,39.9,0.67,89.8,41.4,-56,79.8444063,17.12706698,1
26,19.8,0.04,71.2,53.5,-54,65.23358337,10.46384507,0
26,17.4,1.05,31.4,26.7,-66,16.25570169,7.249196972,0
144,25.9,0.9,122.3,48.2,-43,55.77201297,4.954723281,1
112,78.4,3.65,233.2,100,-37,17.42122702,8.173519576,1
17,12.4,1.09,54,26.5,-76,76.23524816,10.31472209,0
87,71.6,,158.6,74.3,-79,59.18515425,14.92229714,1
39,5.9,0.15,32,25.6,-82,95.82161837,2.420975523,0
46,35,,95.4,46.7,-33,26.48218344,4.432183765,1
56,49.4,2.44,102.2,59.4,-60,64.54301073,7.593080317,1
10,16.8,2.22,23.1,22.1,-77,29.04239211,7.207968102,1
23,32.9,1.48,55.4,34.4,-62,65.26584863,7.834961752,0
19,22.6,2.3,42.2,31.1,-38,75.03847321,15.87042529,1
2,2,1.88,4.8,10,-43,75.00738964,6.483088059,0
22,22.6,1.01,65.9,28.8,-48,83.35665916,10.03796361,0
25,,,58.4,28.7,-53,86.81952052,12.47814066,0
36,46.8,2.77,75.3,32.3,-49,16.95445536,4.643571004,1
95,77.9,4.1,205.2,91.9,-31,40.89404414,14.37390774,1
45,36.2,1.24,86.5,48.9,-83,71.84102683,10.94222639,1
100,65.1,3.02,196,89.3,-43,54.87276587,8.935623261,1
75,545.1,2.72,135.1,,-88,27.16083521,16.19568053,1
35,28.2,2,78.1,44.4,-89,59.74386132,4.869905184,1
22,18.2,1.23,47.7,14.2,-75,46.66920875,17.66351941,0
44,33.7,0.71,81.1,52.2,-72,45.10344499,11.22097471,1
43,38.1,2.42,,59.1,-61,82.87783457,12.18349759,1
13,11.3,0.96,40,24.1,-50,46.68385004,17.50117928,0
85,62.2,2.41,146.5,85.7,-75,12.38090549,16.35165376,1
28,26.1,1.08,,20.3,-60,15.2257005,12.03124138,0
80,64.7,2.52,161.1,87.6,-37,87.06196375,15.06375408,1
16,12.4,0,30.2,27.5,-33,96.4540729,8.666389805,0
46,32.3,1.65,92.8,48.6,-63,71.95684028,10.94755507,1
46,36.2,1.85,84.8,44.1,-87,42.79314647,1.241402734,1
34,,6.84,62.2,36.2,-81,94.47402842,1.79715836,1
24,24,0.62,64.2,37.7,-40,69.65227777,16.58850808,0
53,38.1,2,105.9,41.9,-46,85.99001943,1.193433114,1
20,21.9,0.11,,21.4,-73,78.92670736,3.387982513,0
78,69,3.55,396.3,67.8,-44,44.12253842,15.91665318,1
,42.7,2.47,130.7,77.4,-59,53.08319808,0.022919013,1
20,29.3,1.52,,44.2,-61,26.75189389,5.648086577,0
19,18.6,1.25,67.4,,-55,36.28126904,11.68077316,0
21,,0,58.8,23.5,-82,80.03130952,11.90899863,0
78,55.1,2.61,123,72.6,-55,90.45805527,15.54305816,1
49,,1.38,98,45.3,-62,75.20143809,10.11852509,1
,,1.45,104,,-75,51.8656327,10.18803739,1
47,33,,104,55.3,-63,17.7858342,14.50621151,1
36,34.8,1.09,86.1,40.2,-70,15.12531538,9.972489265,1
14,2.8,0,37.9,68.1,-44,43.68930082,12.16982173,0
52,66,3.01,,55.6,-35,51.74395469,17.95548137,1
86,72.2,2.67,182.5,93,-89,64.820856,8.029020152,1
,42.3,1.51,96.7,53.8,-31,10.58405692,7.702501418,1
44,47.2,0.62,113.4,50,-32,99.07506014,0.070979837,1
40,41.4,1.59,72.3,42.2,-45,42.75449951,12.26852523,0
50,35,2.01,83.8,44.1,-56,86.32851974,0.595438148,1
84,73.1,3.37,179.9,86.9,-37,58.14700351,10.08296979,1
39,30.4,1.32,86.6,47.6,-63,21.73955091,16.08467578,1
14,9.4,0.77,14.7,13,-36,81.78089973,10.99842141,0
23,26.5,1.13,77.1,19.6,-55,73.88443674,5.392723304,1
22,40.1,0.69,69.3,22.4,-60,57.46924764,15.72336843,0
,42.1,1.8,98,45.7,-58,56.30977822,5.394340082,1
65,59.7,1.15,130.1,63.3,-68,17.87316452,14.66063562,1
44,32.9,0.29,105.4,39.1,-31,69.02640537,12.2051691,1
21,28.4,1.16,44.2,28.5,-50,92.01206402,3.399925935,0
19,17.8,,55.2,24.9,-74,18.39204273,18.1026775,0
23,22.4,1.26,45.5,19.9,-45,33.71603056,4.012873659,0
32,38.5,0.82,94.4,31.3,-42,91.20771761,19.79174148,1
31,37.1,,85.2,30.1,-90,35.59095188,0.146209773,1
80,61.8,4.86,174.5,81.8,-49,68.8549305,5.269667543,1
,20.6,1.03,50.5,31.7,-68,58.13363484,3.997205945,0
28,38.5,,76.5,32.1,-43,63.66948445,0.279868203,1
15,18.8,,33.5,26.7,-64,47.42100114,14.647358,0
20,33.1,0.44,49.4,30.3,-66,36.99923235,13.86851604,0
,58.4,2.54,136.9,74.6,-59,14.36801057,15.84701929,1
47,32.3,1.95,101.2,50.5,-72,76.98528454,5.133970929,1
14,21.1,0.52,35.5,13.4,-67,77.1484116,8.886703342,0
18,26.3,1.47,,28.3,-34,70.36531661,13.18227043,0
33,44.1,2.98,78.6,47.9,-88,67.92704093,8.795370078,1
49,38.6,1.83,,47.5,-31,31.9345419,13.94651541,0
61,40.5,1.85,130.6,65.4,-79,12.01104404,12.67946817,1
23,26.6,1.13,,16.5,-56,82.78438572,2.29295606,0
20,87,1.26,30.3,32.8,-76,54.20246821,15.62086242,0
,90.2,4.93,207.3,87.4,-74,37.61543176,14.41352718,1
24,26.1,1.84,43.2,71.4,-41,19.17387161,13.11668775,1
55,54.7,,115.1,60.1,-59,15.64494318,3.101872125,1
89,64,2.37,190.4,90.1,-84,41.39800496,5.359928976,1
7,8.2,0.05,13.7,12.5,-72,82.42633583,7.863540632,0
25,18.8,0.98,67.5,29.9,-84,92.68513744,5.598592433,0
92,79.5,,209.3,98.2,-86,90.70762282,4.556205814,1
38,35.5,1.4,69.3,,-33,92.80007513,16.1071534,0
105,83,3.35,207.4,100,-51,91.69528088,12.76464493,1
104,89.2,2.74,204.9,100,-70,57.45022764,11.30944263,1
42,33.7,1.35,104.1,48.1,-43,29.74740747,4.519054217,1
19,26.6,0.4,70.3,40.6,-43,81.82419246,18.36153125,0
4,5.1,,11.6,10.5,-40,29.23416774,3.823660782,0
60,52.5,3.79,142.3,71.3,-34,34.04865491,15.89901866,1
44,53.1,3.48,87.1,49.1,-44,30.99288896,19.33345333,1
29,18.6,1.53,52,25.8,-84,56.34841633,14.54185458,0
93,,3.32,163,93,-54,38.96447574,19.8571755,1
50,40.9,1.87,91.4,43.3,-68,23.87404447,13.02102234,1
240,59.8,3.54,152.4,79.6,-80,50.78560707,4.349206872,1
16,,0,,25,-81,88.65165149,4.076389874,0
9,,1.12,22,11,-34,61.34975695,6.491285685,0
55,,1.56,115.9,62.5,-70,89.05020453,0.142600404,1
15,8.7,0.91,114,20.9,-36,27.62849666,13.6339694,1
51,49.8,1.75,107.9,47.2,-32,25.02764863,5.373355693,1
51,,2.08,124.6,58.1,-50,61.80194131,16.30366465,1
23,17.2,22.74,55.8,20.3,-58,51.69960114,7.183453011,1
10,4.1,1.08,28.8,16.8,-71,69.41553775,9.599129869,0
31,11.4,1.72,81.1,32.2,-58,81.51641119,19.31377833,1
40,34.2,2.05,70.3,34.4,-51,77.61765661,4.843442461,1
,31,1.19,33.2,,-56,94.80350563,14.42508195,0
27,34.3,1.68,,27.3,-57,45.84307682,15.10235579,0
7,11.3,0.84,16.2,9.2,-55,28.5748068,4.41996315,0
50,36.2,0.87,92.3,41.8,-64,59.5821376,10.01993673,1
57,42.5,1.78,119.7,67.3,-72,19.96688082,7.004038506,1
36,34.1,2.75,,37.8,-48,35.9966011,15.43812487,1
65,58.8,2.09,134.3,58.4,-86,28.70992497,12.44966638,1
22,18.7,1.31,29.7,34.4,-62,45.69073451,9.519661097,0
42,30.5,0,86.5,31.5,-35,20.00949175,15.5872653,1
39,44.8,1.75,85.2,40.1,-81,12.86575701,4.7031114,1
,27.5,0.19,65.5,28.9,-35,69.11146042,15.07243761,0
101,76.8,3.3,197.3,94.2,-32,64.92240805,17.30748624,1
53,44.2,6.66,118.8,58.1,-36,73.75230424,17.57243194,1
79,62.8,2.9,498.9,63.7,-51,69.43477962,15.67347186,1
6,,1.08,12,26.9,-78,20.2865213,8.16028334,0
28,19.1,0.45,71,18.6,-62,36.19709932,19.63616045,0
,33.6,,67.5,30.6,-86,21.65739489,7.591872876,0
15,14.9,,22,19.4,-33,85.86751618,12.77250798,0
90,67.5,2.86,173.9,275.1,-33,77.22132898,3.221483561,1
62,51.5,3.57,105.3,56.8,-32,28.13743026,19.60897797,1
80,51.9,2.68,159.5,79.7,-79,40.71783164,14.07971844,1
38,43.5,1.28,82.8,36.2,-32,96.9953493,15.0675509,1
25,28.4,0.9,75.1,23.4,-78,63.47434221,1.315534068,1
54,50,1.88,,61.5,-69,82.10400376,15.26835628,0
41,28,1.06,59.5,44.4,-51,33.81319313,15.49446858,0
46,46.6,2.16,80.3,49.4,-76,28.90476282,13.43545453,1
,25.6,1.78,46.5,36.3,-78,80.5525236,5.838192276,0
,80.1,3.11,153.4,81.2,-90,71.72852097,9.793800843,1
201,62.8,3.14,139.5,75.4,-37,71.28801363,2.208687426,1
,17.1,1.37,64.2,28.7,-53,59.73711236,9.431741329,0
59,52.7,2.79,124.6,57.8,-48,60.72205085,4.876477052,1
17,10.4,0,56,17.2,-46,76.21277548,6.98193973,0
68,49.9,2.1,120.1,56.9,-38,34.3002233,3.252008168,1
53,46.3,1.95,105,56.4,-39,41.74916193,4.601087355,1
67,51.5,2.87,138.1,67.9,-90,88.44730935,1.531372836,1
98,69.1,3.68,165.9,88.1,-80,37.79786809,18.39802733,1
46,43.8,5.04,93.8,62.4,-33,59.16786142,10.60821376,1
26,27.8,0.82,73.8,25.8,-48,73.23755176,7.934839425,0
47,31.5,1.6,111.5,44,-51,99.99323441,10.70058426,1
,,1.65,84,,-69,49.17621983,12.56586457,1
30,27.7,2.35,52.4,33.5,-56,48.5283589,18.43757587,1
58,48.5,1.83,131.9,57.8,-31,85.83295415,3.573859046,1
16,30.2,1.29,12.6,28,-40,82.49528001,5.911049973,0
,16.9,0.26,17.7,30.4,-47,75.79682936,19.51578673,0
81,152.1,3.06,173.8,76.3,-85,51.69066737,7.423859733,1
45,48,,72.2,46.6,-63,39.15452081,0.451233015,0
48,39.3,2.95,101.1,44.2,-60,64.78574343,2.952869853,1
23,23,0.25,42.8,39.3,-36,88.86009638,0.526774035,0
107,70.6,4.12,208.3,92.3,-83,89.53997124,19.79846285,1
96,,2.91,163.8,87.6,-86,19.76485106,5.57741698,1
55,39.3,2.59,120.6,59.4,-49,48.55152554,18.47085514,1
17,12.1,0.94,64,17,-37,51.82497606,19.91772552,0
65,60.9,2.6,117.1,67.5,-43,97.98538308,11.99682442,1
38,24.2,2.05,61.7,37.7,-47,71.01982137,0.663926301,1
26,15.1,1.49,59.5,23.3,-74,46.65217755,1.631832608,0
36,23.5,1.02,47.3,40.7,-53,12.34520974,9.631781102,0
77,,2.75,146.4,79.8,-82,60.88466441,8.123440258,1
14,33.2,1.81,10.9,14.5,-81,18.64683781,12.12354612,0
19,10.9,0,39.5,21.6,-71,85.10049616,8.776956194,0
30,110.4,1.32,71.7,26.9,-77,77.72667945,18.68153699,1
43,47.7,2.69,78.8,56.5,-77,51.44582439,10.69479431,1
35,46.7,3.12,99.4,42.6,-65,48.62897016,13.87452123,1
27,33.7,2.32,62.1,34,-62,90.7605069,17.92970545,1
63,45.9,,124.7,62.9,-42,35.96125154,2.937437517,1
17,,0,34.1,13.1,-64,32.41179659,4.594693082,0
58,55.5,2.19,117.2,62.5,-66,94.52776895,2.146373209,1
53,51,1.64,111.2,138.9,-75,82.83212531,2.792767985,1
17,5.3,0.68,38.6,17,-55,83.85630338,10.25167934,0
86,78.3,2.54,167.4,74.5,-57,27.56744328,6.423585179,1
60,52.7,2.13,120.9,59.1,-75,22.89663923,8.463456791,1
20,17.7,1.76,31.4,35.6,-58,12.34265948,19.64979664,0
56,42,2.45,105.6,59.9,-88,31.3337358,3.134086956,1
8,18.3,2.39,18.8,28,-68,79.67714425,10.81624142,1
38,31.2,1.54,,51.7,-80,31.60345769,1.977423101,0
98,76.7,3.8,176.4,97.9,-43,75.61929552,6.369926265,1
95,90.7,3.4,169.2,95.2,-33,32.67174388,10.55051847,1
,74.7,2.55,199.6,99.3,-73,45.57632482,18.93263492,1
41,40.2,1.52,75,36.3,-44,98.48460609,7.824564426,0
18,9.2,0,38.2,32.4,-50,32.03305582,1.298133924,0
41,35.1,1.7,62.9,34.5,-47,43.87335646,7.763228959,0
35,22.4,1.14,71.2,56,-62,37.09784624,2.914823517,0
39,17.1,1.38,94.4,35.9,-32,19.86624877,4.599792266,1
26,23.9,1.3,,,-41,54.09047279,12.36181246,0
30,24.7,1.14,63.6,26.7,-86,44.0821597,1.348477324,0
41,43,1.3,50,33.3,-67,72.53983772,9.294475125,0
20,24.2,0.62,56.8,21.9,-62,83.58350923,12.18923172,0
,18.8,1.34,,28.3,-62,58.9824743,8.437167847,0
25,19.3,0.2,,13.6,-31,12.89767799,0.382527012,0
32,29.6,1.08,63.4,42.6,-65,65.70301206,19.71038714,0
20,15.9,0.19,38.4,18.4,-51,14.9851657,7.342315347,0
,43.8,0.87,92.7,66.5,-88,65.47206912,15.57154374,1
35,,0.92,46.8,41.1,-89,71.65269543,6.512929844,0
94,59.6,2.83,175,84.4,-66,27.79908649,9.50033514,1
25,31.8,,52.7,17.2,-72,83.74115338,7.769272852,0
52,35.7,2.3,110,59.9,-51,91.99766184,6.85078459,1
27,33.9,1.49,63.1,34.7,-89,83.17782677,0.437027544,0
12,7.5,0,41,28.3,-72,37.45982712,7.200418757,0
21,15.7,1.19,42.5,25.9,-90,62.79787112,17.78979981,0
64,61.6,1.75,111.3,55.4,-64,92.33336343,13.80786677,1
74,51.3,2.49,154,,-37,38.85982536,2.908457182,1
40,,2.42,90.6,47.7,-46,83.802504,11.82310009,1
60,51.6,,115.5,,-36,10.85276181,17.8446172,1
57,35,1.61,132.4,67.6,-39,10.32820325,14.00068082,1
40,36,2.29,79.8,38.6,-42,78.37404943,2.973687847,1
41,45.6,,102.9,52.6,-56,78.53028239,17.35664993,1
14,10.9,0.4,26,30.2,-50,81.00794691,6.030880266,0
44,40.3,1.98,111.8,51.2,-86,93.70241541,9.081522886,1
,19.9,0.34,,44.2,-53,20.61156806,10.52285519,0
56,55.3,2.81,98.4,62.1,-87,30.87864865,17.01013209,1
54,52.1,1.77,,53.2,-74,91.33524283,18.6321499,0
33,15.4,0.64,65,,-38,25.9512578,18.59305756,0
9,9.6,1.02,38.3,8.8,-70,71.40063408,0.159083626,0
29,18.5,0.73,70.4,25.2,-38,57.74167,18.43776971,0
46,41,0.86,88.1,45.8,-43,17.48743092,1.08773932,1
19,21.5,0.53,58.4,23.3,-60,35.67372957,5.315473136,0
47,44.8,2.28,95.7,50.4,-43,56.83349948,10.29975709,1
40,29.3,2.27,80.6,45,-69,86.7115105,9.59851378,1
91,71.8,4.5,184.9,99.2,-80,73.67846407,12.09419588,1
59,34.4,1.97,328.8,56.4,-57,65.96948453,9.588924575,1
46,32.1,1.95,85.8,66.3,-42,54.64296009,18.68751359,1
45,42.9,1.8,,51.6,-76,36.88155854,4.810976964,0
46,36.2,2.66,88,55.2,-41,20.73204202,5.480493881,1
18,8.1,0,39.9,,-81,46.81684311,18.41475871,0
15,14.3,0,59.3,,-53,12.56666445,1.534790275,0
32,26.3,0.08,53,45,-59,28.99503003,12.19121644,0
28,29.7,1.35,72.1,,-38,48.92350383,13.63471904,0
16,8,0.14,51.9,19,-43,47.67446671,10.11083447,0
,32,1.25,105,51.4,-60,13.98658879,13.88463758,1
99,79.1,,185.5,94.2,-54,63.01541382,3.45509292,1
50,53.6,2.41,120.5,49.4,-47,59.47158303,17.05264466,1
104,70.9,2.35,190.9,100,-63,17.02938736,2.800513789,1
9,18.5,0,35.9,9.1,-60,94.88467472,8.016248886,0
41,39.2,2,93.9,41.2,-85,18.94445011,1.505152026,1
21,32,0.86,53.9,34.9,-77,86.93507361,10.90422158,0
74,63.2,,157.7,77.1,-33,10.02787587,13.39491615,1
74,57.5,2.75,149.7,68.5,-68,89.40529855,18.8244327,1
25,20.4,,49.9,39.7,-75,11.7747759,14.78672392,0
95,72.4,4.12,213.1,95.5,-66,78.20308287,10.82205833,1
38,25.4,,65.6,44.4,-52,42.55217302,18.65234034,0
12,31.5,2.44,16.2,30.5,-89,76.43951201,9.568736761,1
46,51.2,1.77,95.4,50.8,-53,46.15706849,11.22411306,1
20,34.9,1.46,37.4,27.2,-50,16.38171301,11.92197055,0
86,64.5,2.89,162.5,95.1,-52,79.07560259,8.199594518,1
46,45.7,2.92,,54.1,-57,16.41274168,16.76965381,1
15,20.5,1.9,36.9,29.2,-40,92.99083924,3.703518777,0
11,8.2,,26.8,,-51,14.58766322,11.09684381,0
94,71.3,2.56,186.9,88,-48,53.139275,14.44466512,1
13,37.7,1.71,50.5,20.5,-66,75.07309878,18.07952344,0
22,28.7,0.35,54.8,,-55,45.39218183,17.67836793,0
38,31.8,2.13,87.3,,-75,29.55101271,10.17480579,1
39,32.1,1.01,57.5,52.7,-34,78.31818653,12.86322902,0
12,,1.18,39.4,21,-73,80.58652343,7.884754723,0
36,31.2,1.29,88.9,37.2,-78,93.04254856,9.363555258,1
2,,0.61,38.4,9.7,-32,43.85485994,18.12531585,0
70,64.7,2.24,147.8,69.1,-54,55.5626561,18.61407986,1
14,15.9,1.46,,27.8,-64,42.68155986,17.90828116,0
,48.9,2.34,167.9,75.7,-57,33.13736397,2.767417236,1
34,27.5,0.85,78.7,30.2,-80,77.59296654,17.00168043,1
103,95.6,4.32,201.1,100,-90,40.56866605,18.96727462,1
29,29.5,0.56,87.3,50.6,-78,48.53344978,7.224993891,1
58,43.1,2.31,,47.5,-61,46.33062919,10.37292579,1
22,27.2,0.26,39.7,29.6,-86,74.13951031,15.58190512,0
76,58.4,2.58,178,74.9,-73,92.60160635,11.24156275,1
59,38.4,2.44,132.1,54,-77,70.00804552,19.86967043,1
17,25.2,1.14,138.9,,-78,52.44243365,9.114267303,1
68,56.6,2.54,140.4,62,-59,80.12846033,14.27885422,1
27,33.5,0.72,79.1,31.2,-84,67.68741917,15.8518228,1
