Campus Wi-Fi Congestion Dataset (Synthetic),,,,
Rows,1800,Columns,5,
,,,,
,,,,
Connected Devices,Network Latency (ms),Packet Loss Rate (%),Bandwidth Usage (Mbps),Access Point Load (%)
40,20.2,1.04,79.3,47.5
106,79.6,4.53,206.4,84.9
30,29.0,2.23,64.8,45.0
63,41.1,3.20,122.3,66.2
,27.0,1.10,117.6,51.9
52,32.2,1.49,107.5,48.6
87,83.4,4.95,159.0,87.1
39,28.3,1.56,85.5,52.7
46,40.1,1.21,90.8,44.8
35,38.3,2.69,61.2,38.7
84,84.2,4.85,173.0,75.9
90,69.2,1.55,153.8,82.4
59,34.2,1.11,113.4,62.5
88,,3.31,182.0,92.9
9,9.8,1.53,13.2,18.3
47,40.4,2.58,84.3,48.8
51,46.1,2.18,114.9,64.5
80,53.8,3.57,125.3,76.5
23,30.2,2.07,59.8,39.0
35,26.9,0.74,71.1,39.8
31,22.9,0.52,65.2,47.8
60,49.6,2.07,134.3,52.9
50,43.9,1.97,113.6,58.3
20,32.1,1.31,76.0,28.9
19,6.2,,29.0,31.4
30,26.4,1.16,76.6,37.6
14,5.7,0.00,42.6,16.9
46,40.1,2.28,77.2,51.5
47,48.4,3.45,126.8,46.0
41,14.1,0.74,71.0,38.8
21,28.4,1.98,64.9,25.7
29,10.9,0.92,54.3,32.3
75,56.5,1.45,170.4,72.0
60,42.0,2.35,104.9,51.3
49,49.4,1.02,124.7,58.9
46,39.4,2.16,110.8,44.4
36,37.2,0.92,83.0,45.7
43,35.0,2.07,100.8,38.9
15,23.7,1.43,56.4,22.2
11,14.4,0.28,33.8,13.9
82,54.8,2.30,168.0,74.4
40,41.4,1.39,102.6,40.6
25,22.1,0.73,22.1,34.4
28,26.4,1.84,49.1,25.8
98,87.0,4.25,210.6,91.4
103,88.9,3.89,222.9,100.0
42,44.5,2.07,85.0,52.2
22,10.5,1.04,50.4,20.9
42,39.0,2.48,80.1,46.5
91,72.2,3.22,183.2,94.3
49,53.6,1.60,89.8,46.2
56,54.5,3.87,114.3,53.6
41,29.1,1.32,72.1,42.4
81,46.3,1.51,196.6,77.7
70,40.4,2.78,148.4,54.8
30,27.8,0.50,94.6,48.8
31,37.7,1.39,89.1,38.6
12,22.9,1.14,34.9,12.6
71,60.5,3.15,137.7,86.5
6,9.7,1.04,11.8,14.7
34,25.3,0.99,71.5,25.3
41,29.3,1.97,54.5,34.3
86,74.5,3.24,184.7,90.2
25,14.4,0.02,72.6,31.1
30,21.1,1.03,69.7,37.5
296,58.6,1.82,119.9,73.1
74,46.7,1.96,130.4,58.9
24,27.4,1.54,69.7,34.6
92,80.9,4.17,164.0,80.7
54,31.3,1.24,113.5,42.3
84,72.2,3.40,182.9,98.8
24,17.3,1.01,55.6,24.3
44,28.2,1.73,117.1,51.0
93,77.8,5.12,195.4,95.5
51,41.2,,118.9,42.8
41,31.4,0.79,77.5,35.0
18,45.6,2.40,61.2,38.0
30,30.4,1.39,76.0,35.7
23,24.5,2.02,58.8,21.3
26,20.3,0.00,60.7,29.7
33,32.2,1.31,72.8,25.3
96,77.0,3.44,196.2,93.0
16,23.1,0.91,62.6,36.9
87,57.1,3.09,178.0,86.0
42,27.6,1.87,91.2,36.9
18,5.5,0.00,49.0,20.0
7,23.0,2.05,9.7,4.0
51,46.4,1.77,96.6,57.6
20,27.4,1.13,36.7,33.6
39,39.8,1.11,63.9,42.6
40,32.3,1.60,68.4,47.1
58,37.7,0.51,112.4,60.0
22,19.4,1.21,48.5,26.1
85,68.4,3.84,162.2,77.1
52,25.8,0.82,110.8,61.1
19,4.3,1.27,61.8,17.2
105,68.4,3.76,195.3,93.6
43,40.0,1.88,86.6,38.1
52,46.6,2.30,100.6,53.1
33,24.0,1.11,71.5,36.2
118,77.5,3.86,250.2,100.0
54,46.9,2.53,124.9,51.4
83,77.7,3.87,143.7,81.2
52,43.2,1.71,106.4,58.9
78,56.9,3.25,148.7,78.8
50,38.4,1.77,120.9,54.3
49,47.7,2.30,86.4,50.4
38,33.3,0.00,106.2,43.8
63,50.0,2.64,138.1,73.6
38,37.2,2.69,60.9,35.6
30,34.0,0.89,68.7,25.0
23,35.2,2.58,58.5,29.7
84,68.5,2.97,158.3,75.6
52,28.9,2.07,98.7,65.1
61,49.0,1.33,114.2,79.2
32,25.7,0.41,96.1,36.7
72,52.8,3.28,146.1,84.7
30,36.4,0.79,69.1,47.3
13,16.3,0.00,34.7,12.1
36,44.5,1.43,85.5,37.8
49,53.2,1.86,118.5,58.5
53,59.0,2.88,110.5,67.1
21,27.0,1.25,40.3,33.0
26,42.8,2.94,45.0,23.3
6,22.9,1.93,40.8,21.4
27,20.8,0.94,42.1,20.6
43,32.5,1.06,88.2,39.8
20,23.3,1.71,46.6,14.1
47,37.4,2.93,115.1,56.7
26,15.7,0.95,48.1,30.3
38,34.8,1.24,90.8,41.0
73,53.0,3.24,,93.8
24,35.2,2.08,71.1,35.6
6,2.0,0.00,31.8,4.0
13,12.3,0.06,,21.6
18,29.8,0.77,52.6,32.9
46,37.5,0.34,92.7,44.4
99,90.6,3.66,185.3,95.5
83,62.1,2.53,164.5,76.4
88,60.9,3.86,156.2,78.4
83,59.0,2.70,146.6,72.9
19,2.1,0.27,39.5,24.8
89,73.8,3.19,182.3,84.0
70,63.0,2.52,166.2,73.8
53,36.4,1.75,110.1,52.3
45,56.2,3.27,82.5,52.8
50,50.0,2.24,110.1,57.3
26,22.5,0.74,52.9,32.9
43,31.3,0.96,89.3,44.2
51,47.9,1.39,102.7,61.8
87,76.4,3.71,167.9,93.0
17,7.2,0.59,49.3,36.1
14,16.6,0.97,29.9,14.2
27,17.6,0.90,56.9,24.8
43,46.3,1.42,78.0,36.3
22,8.3,0.00,45.0,27.8
80,70.8,3.26,167.0,77.7
19,26.4,2.25,43.7,23.4
50,32.8,2.65,97.1,50.4
76,57.3,2.46,127.5,71.6
43,32.2,0.69,86.9,38.6
52,45.9,1.89,93.6,66.9
40,49.6,3.77,96.4,42.4
28,19.5,0.00,57.1,19.0
95,91.3,2.63,184.4,100.0
93,81.9,3.92,176.7,96.6
60,29.8,1.96,117.2,54.4
48,36.0,1.21,96.1,43.7
18,15.6,0.81,37.7,23.4
32,27.7,1.36,95.0,29.9
81,60.1,3.20,173.7,
81,67.9,2.32,143.3,72.2
18,12.1,0.33,35.4,27.1
20,15.1,0.11,46.9,21.8
23,18.3,0.32,62.3,34.8
16,30.6,1.01,41.9,26.8
35,39.2,2.72,49.9,37.2
46,19.8,1.75,94.3,48.2
73,52.8,1.86,118.4,64.1
43,38.1,2.21,82.5,47.5
31,18.2,1.22,83.5,37.9
24,19.6,1.22,48.0,23.3
53,33.7,2.18,83.3,51.4
99,90.9,4.06,172.1,99.2
27,34.7,2.12,61.0,44.2
19,17.3,0.07,7.0,17.6
49,54.0,2.22,96.3,49.5
4,11.1,1.99,18.8,9.4
76,56.8,4.20,143.7,72.3
43,41.3,2.78,95.0,43.2
43,25.7,0.63,95.8,34.5
76,56.5,2.03,139.5,75.5
74,47.1,1.75,142.3,75.6
112,83.8,4.48,180.8,100.0
82,68.4,2.45,160.5,80.4
102,70.8,3.64,200.4,82.9
30,34.7,0.53,52.4,43.0
17,7.2,1.05,39.2,9.6
21,29.1,1.40,47.9,32.1
26,27.8,0.55,57.5,33.0
28,28.2,2.19,59.2,37.0
81,61.1,2.11,176.9,79.9
36,22.7,0.98,74.0,35.3
39,27.3,1.07,85.1,34.1
67,46.3,2.12,112.9,56.3
66,55.6,2.48,117.0,66.6
53,39.1,2.41,118.3,52.5
38,37.2,1.46,94.7,48.4
72,55.0,1.49,112.2,70.9
46,40.1,2.10,74.6,47.9
84,77.0,2.54,179.2,85.7
17,20.7,1.01,45.2,27.4
16,14.1,0.16,31.7,6.8
34,33.2,1.52,44.5,32.5
6,18.4,1.22,36.4,10.1
27,39.6,2.80,101.2,33.0
20,9.1,0.00,43.8,21.8
,44.5,1.93,94.5,40.5
40,32.2,1.39,116.5,44.5
116,100.2,4.47,199.3,100.0
65,50.8,2.57,110.1,68.2
14,20.1,1.19,51.4,17.9
12,20.9,1.81,23.7,7.8
57,35.9,1.89,110.9,50.1
56,45.7,3.56,106.2,61.1
41,40.6,1.62,91.6,52.5
70,53.8,2.11,175.8,74.2
15,16.7,0.94,25.4,12.5
81,65.6,2.93,165.1,73.2
48,30.4,1.81,89.5,35.2
91,77.6,3.18,166.8,77.8
16,15.4,2.08,38.3,29.7
63,44.5,2.46,98.6,66.1
47,,2.28,77.4,50.7
31,26.1,0.00,69.0,35.5
103,70.8,2.29,209.4,92.8
7,2.8,0.00,25.7,7.8
29,24.2,0.52,61.9,36.0
17,19.5,0.53,38.1,28.2
81,58.0,2.78,172.4,100.0
26,30.1,1.86,72.1,35.9
37,27.0,2.62,109.3,30.4
17,20.7,0.73,51.3,31.0
113,91.9,2.78,225.7,100.0
44,30.8,1.30,103.0,44.4
49,35.9,2.07,102.6,44.1
54,50.4,1.72,109.1,69.5
89,68.9,2.91,170.6,85.9
85,54.0,2.60,156.2,68.2
9,4.2,0.82,23.6,12.6
22,25.6,1.45,52.0,23.4
14,18.8,0.61,47.2,28.8
45,39.6,4.01,115.8,60.5
52,45.4,1.64,117.7,47.0
29,34.6,0.09,62.8,36.2
44,21.2,1.52,123.0,53.1
20,25.3,1.72,56.2,37.2
16,14.1,1.09,12.2,8.4
25,33.8,2.23,67.2,22.1
20,32.0,1.95,60.7,26.4
52,62.3,3.82,111.4,47.4
92,76.0,3.48,170.1,90.1
22,23.5,1.43,52.2,17.6
10,8.6,0.00,15.0,13.3
38,36.8,1.64,73.6,40.2
24,23.1,1.73,56.8,25.2
86,68.4,2.46,183.8,99.2
37,26.0,1.56,74.6,31.0
68,63.7,2.58,143.3,81.1
13,34.4,1.03,49.7,29.3
38,16.2,0.12,91.3,34.7
26,39.0,2.13,73.3,25.4
40,35.9,2.08,94.6,49.7
19,30.1,1.24,58.9,20.3
37,19.3,1.34,55.1,38.2
51,42.5,1.97,87.8,60.1
104,73.9,2.36,194.2,92.5
9,17.9,0.38,16.7,7.4
24,27.8,2.32,35.7,34.1
43,46.0,2.42,99.0,
30,27.4,1.65,67.0,41.0
27,7.8,0.00,54.2,21.7
85,71.5,3.91,156.1,90.4
39,36.6,1.97,76.4,50.2
57,41.6,0.89,110.9,67.4
77,66.1,2.39,143.9,70.1
62,51.3,3.31,144.6,75.1
64,64.7,3.21,129.7,71.3
41,39.2,0.83,81.6,41.8
55,57.3,3.57,100.2,52.7
92,97.7,4.09,187.9,96.1
34,29.0,2.23,84.4,45.9
50,46.2,1.38,110.9,53.1
30,24.0,0.44,59.3,38.8
46,44.6,1.82,119.8,52.9
37,35.1,1.99,91.8,36.0
40,33.2,1.90,48.3,43.5
66,52.8,,148.8,69.9
38,33.2,0.79,87.5,40.7
18,28.5,1.09,36.2,17.8
41,18.5,0.87,100.2,45.2
86,55.9,2.00,188.4,80.8
62,45.6,1.85,104.8,63.5
19,27.2,1.97,33.3,24.7
8,3.2,0.51,12.8,12.8
43,41.0,1.80,98.5,58.5
20,29.7,2.33,43.7,15.4
53,38.0,2.10,102.2,46.3
75,62.9,2.61,145.4,73.3
40,49.5,2.67,83.1,53.4
23,35.5,1.63,55.9,31.0
14,10.8,0.06,30.6,10.9
37,46.2,1.27,69.9,35.3
22,23.0,1.67,59.6,26.7
31,28.6,1.14,67.3,34.4
49,41.6,3.23,111.6,60.7
61,56.1,1.53,123.9,56.5
54,619.3,3.17,119.0,71.5
48,30.6,1.34,116.0,45.6
11,21.2,0.73,,16.5
14,17.4,0.20,52.7,10.2
75,78.0,2.79,168.1,87.0
78,61.5,3.59,125.4,76.0
31,16.0,1.27,48.3,28.1
16,,0.01,32.0,32.0
11,12.8,0.88,17.7,26.9
28,27.8,2.55,58.0,34.7
55,36.1,3.42,108.2,51.7
28,23.6,1.23,67.1,28.6
58,58.4,2.50,95.1,53.9
48,45.3,2.26,80.4,54.5
64,40.2,1.00,105.6,69.4
38,34.9,1.77,83.1,38.6
78,67.2,2.47,145.5,73.3
79,61.3,1.96,145.3,83.4
98,73.4,4.98,198.6,94.0
72,69.2,2.18,141.2,77.7
63,51.1,2.21,109.8,61.5
36,23.3,1.63,52.0,32.0
86,68.9,2.98,164.7,91.0
29,33.7,0.56,76.9,35.4
24,19.6,0.00,65.2,22.0
39,12.9,0.77,91.6,37.5
17,4.4,0.12,44.4,21.0
19,30.9,1.49,36.3,31.1
114,84.6,3.55,197.6,91.8
31,29.3,1.73,46.0,39.9
37,27.3,1.14,81.0,34.1
32,37.6,1.62,61.0,41.2
50,36.6,0.82,141.2,57.6
57,51.8,1.84,109.2,59.3
14,15.5,0.84,31.1,37.1
46,51.8,0.00,79.7,39.7
43,31.4,1.14,78.4,38.8
44,38.5,1.16,92.8,30.9
47,40.0,1.84,89.8,60.0
45,49.1,2.59,104.3,118.3
48,46.0,1.73,66.1,43.0
16,19.5,1.70,41.7,12.0
45,33.5,1.19,103.7,51.4
10,9.3,1.73,28.8,24.6
48,51.8,2.86,99.8,61.5
12,16.0,1.77,63.9,15.2
71,54.8,3.23,128.8,71.0
19,24.0,1.57,58.0,22.5
74,54.1,1.98,161.4,71.0
38,43.9,2.88,75.6,37.3
36,29.5,0.13,73.7,27.0
46,21.5,2.03,70.5,47.0
28,30.0,1.71,87.4,37.1
44,29.0,1.24,84.6,45.1
66,49.5,2.85,170.9,63.6
55,50.0,2.54,98.5,59.9
53,27.1,1.00,97.7,51.0
102,89.0,4.35,197.9,100.0
37,31.6,1.42,68.9,38.9
20,14.3,1.88,25.0,16.9
16,7.4,0.02,21.4,33.4
6,6.7,0.73,10.1,11.3
47,31.7,1.34,112.4,63.0
119,90.1,3.76,208.4,100.0
62,51.2,2.45,145.5,57.6
,61.5,4.41,129.6,62.7
43,40.1,0.46,92.0,40.0
36,21.6,0.35,82.7,38.5
43,54.9,2.79,74.4,53.2
20,28.7,0.37,46.5,24.8
54,53.1,1.69,134.3,55.5
54,44.9,2.35,121.9,65.1
30,43.9,2.97,72.8,42.4
62,62.2,2.37,101.8,63.9
17,10.0,0.21,43.9,25.1
43,42.8,1.22,83.1,48.6
11,15.5,0.31,16.9,4.0
24,24.3,,43.8,31.4
48,44.3,2.27,105.0,55.6
42,21.1,1.67,93.4,42.9
64,42.2,2.13,112.5,54.2
27,34.2,0.79,62.8,44.8
39,30.5,1.26,87.9,60.8
112,83.0,4.38,228.3,100.0
15,24.4,2.52,50.0,30.3
55,52.2,2.05,139.9,58.2
67,53.1,2.62,122.2,71.9
44,36.3,2.21,70.8,50.0
51,48.4,2.53,103.4,51.1
53,55.4,3.48,875.5,74.3
31,49.4,3.71,77.5,47.8
31,38.4,2.40,69.5,36.3
28,26.0,1.93,63.9,32.1
27,16.0,0.58,43.2,13.8
12,8.3,0.50,21.5,13.2
12,14.2,1.51,34.8,16.5
48,32.7,2.44,128.7,50.6
39,47.0,2.04,93.9,51.8
93,66.9,3.16,192.8,92.6
45,40.7,1.25,105.4,53.7
51,33.7,2.26,110.3,52.8
44,36.8,2.04,127.4,49.4
34,20.6,0.52,97.3,27.6
69,60.1,3.34,135.2,64.9
45,44.2,2.32,96.8,51.4
30,31.9,1.91,62.6,28.5
20,32.1,1.50,68.5,22.0
46,43.2,1.55,108.6,44.3
44,40.6,1.66,91.3,39.1
51,46.6,3.08,115.4,50.2
59,49.5,0.80,133.2,58.4
26,27.9,0.91,43.0,33.0
72,62.3,1.99,135.1,68.9
42,36.4,2.71,89.5,37.2
14,17.2,0.81,47.1,12.4
78,69.6,2.68,154.4,78.3
64,54.1,1.77,140.6,68.2
36,36.7,0.78,93.4,59.0
4,19.2,0.63,40.3,4.0
13,8.8,1.24,39.6,20.0
32,19.8,1.51,85.3,33.0
21,18.6,0.02,58.5,24.3
79,57.2,2.94,169.5,71.0
19,28.1,1.12,45.1,26.8
28,27.4,2.89,73.8,48.7
42,34.4,1.09,104.6,52.5
43,42.4,,103.3,59.9
9,31.9,0.00,21.1,21.7
38,29.7,0.41,88.1,39.1
39,40.7,2.64,74.3,44.4
111,76.8,2.93,208.2,100.0
18,41.0,2.40,51.8,24.3
60,41.7,2.62,121.7,55.7
19,22.1,1.87,54.8,12.7
19,2.0,0.54,31.6,15.1
11,2.0,1.27,36.2,11.7
65,46.4,1.06,133.8,72.6
55,32.8,1.06,89.4,50.1
19,22.5,0.61,48.5,35.3
12,28.9,1.15,26.6,19.4
38,30.9,1.43,57.7,47.4
12,12.1,0.38,35.3,12.0
51,40.5,2.80,114.6,47.8
55,44.6,2.17,146.1,52.7
50,36.7,2.01,111.1,66.0
109,88.5,4.57,215.1,99.8
20,15.3,0.55,44.7,27.7
19,26.2,2.18,64.7,5.0
49,47.4,1.36,67.1,60.9
23,30.5,1.04,58.5,32.7
25,26.5,0.50,58.4,24.7
37,41.4,2.25,83.4,48.0
7,11.8,0.00,4.0,16.8
9,15.3,1.44,25.2,4.8
58,43.2,3.35,98.8,55.6
51,51.1,2.95,115.1,40.7
40,33.2,,100.5,48.1
26,19.7,1.54,63.2,32.9
21,17.0,1.35,25.8,31.4
39,38.9,1.74,83.0,30.5
29,20.3,0.48,70.2,42.3
14,16.2,0.07,29.6,14.4
49,50.7,2.29,102.5,50.9
18,21.5,0.20,33.2,18.7
24,33.7,1.81,57.4,26.0
11,,1.09,32.2,14.8
49,36.7,2.17,98.5,49.9
41,31.4,1.13,59.6,38.8
21,21.4,0.59,52.2,18.2
50,49.4,1.69,115.3,49.3
55,32.8,2.72,122.3,49.9
13,21.8,0.78,23.7,23.5
41,30.6,0.20,107.5,46.3
46,37.9,1.77,86.2,39.8
67,50.4,2.61,130.9,77.6
48,37.7,3.00,98.4,52.4
23,32.9,0.67,51.2,34.1
28,35.6,1.84,71.3,38.7
85,65.6,2.89,179.2,80.7
36,41.9,1.55,94.3,43.5
42,32.6,1.74,89.1,51.1
17,21.5,0.39,32.0,22.4
44,32.3,1.99,68.2,32.9
20,34.0,2.93,41.3,37.7
33,18.0,0.00,80.6,38.3
21,10.3,0.78,69.3,18.7
30,25.0,2.36,35.1,27.1
12,23.3,1.53,31.0,18.5
49,38.8,1.44,79.2,29.4
50,52.5,2.15,119.6,62.1
50,51.1,2.31,120.4,46.0
65,67.1,2.01,143.9,63.8
42,29.2,1.65,81.3,61.2
64,54.9,1.78,152.3,55.2
44,33.8,2.11,86.4,46.4
14,9.1,0.07,23.9,19.8
85,65.3,4.22,194.7,89.5
27,9.3,0.76,64.4,21.9
88,75.8,3.00,187.2,93.9
20,27.0,1.09,43.2,29.4
20,21.2,1.79,52.9,19.5
50,46.3,2.35,93.3,55.5
59,45.6,2.10,126.0,66.3
55,43.6,1.36,102.4,58.8
19,18.2,0.00,41.5,19.0
28,24.0,0.34,57.0,30.7
53,45.4,2.86,103.6,47.2
96,72.3,4.00,202.2,97.9
18,16.5,0.00,70.3,
47,47.8,1.91,108.1,43.8
63,55.9,1.37,130.1,67.7
24,22.2,0.51,27.5,28.8
49,57.0,2.18,111.0,60.8
22,23.7,0.82,57.9,20.9
27,16.5,0.00,74.9,35.2
4,2.0,0.00,34.8,7.3
45,,1.13,110.6,61.8
43,46.7,1.70,94.0,44.3
26,29.1,2.12,86.8,29.9
64,52.4,2.33,130.2,61.6
88,76.6,3.06,181.0,90.1
110,83.7,4.23,200.2,100.0
84,75.0,3.64,163.6,83.4
70,60.8,0.00,138.9,66.9
28,,0.30,62.2,30.7
89,58.6,1.74,172.8,77.5
17,23.0,2.31,52.8,23.7
45,30.4,1.19,82.9,44.0
53,60.3,2.58,98.5,52.9
19,19.7,1.33,38.8,29.4
18,10.6,0.17,44.4,
58,52.2,2.86,118.7,67.6
39,29.1,1.83,74.8,45.1
40,37.6,1.82,69.6,45.3
70,,3.62,135.8,70.3
116,92.9,5.28,207.2,100.0
48,34.8,1.27,107.1,45.6
50,46.3,2.09,118.0,46.9
85,59.1,2.87,171.9,90.9
48,45.7,2.52,86.7,36.1
84,56.2,2.92,,68.0
29,34.6,1.78,78.0,32.1
66,66.2,2.79,142.6,71.8
54,47.1,2.22,110.2,57.4
21,18.1,0.10,,33.0
,48.2,1.60,124.1,54.2
18,14.1,0.98,40.2,15.2
33,17.4,0.19,61.1,31.4
63,55.5,1.86,129.5,61.9
37,26.1,1.80,56.7,36.1
28,15.0,1.24,48.0,28.4
48,39.6,1.87,77.9,45.9
53,45.7,2.07,131.0,58.1
21,25.1,0.00,70.8,20.7
41,17.7,0.79,67.1,26.0
45,56.8,2.74,75.8,57.1
67,55.9,2.10,142.3,65.0
11,21.4,1.08,27.9,15.0
60,47.9,2.31,122.2,56.4
91,64.0,2.37,163.5,86.2
38,44.1,1.58,84.2,49.0
39,49.4,2.95,97.4,37.1
18,2.0,1.69,55.6,11.4
31,34.1,1.49,60.5,29.0
,11.2,0.75,48.5,23.3
75,58.8,2.84,140.7,82.4
8,9.8,0.43,24.4,26.4
65,48.4,1.24,166.5,64.9
40,22.0,0.91,81.0,39.5
35,41.4,0.86,80.9,39.0
51,34.4,1.31,103.8,58.4
15,9.5,0.53,38.0,14.0
47,49.8,1.36,80.9,47.7
43,32.1,1.99,92.9,45.8
52,46.4,1.99,118.0,62.6
76,60.4,2.63,135.1,73.7
18,17.0,0.00,52.2,27.3
32,22.1,0.90,84.7,28.9
26,35.2,0.47,28.3,35.3
19,24.9,1.05,56.1,28.3
31,20.8,0.68,59.3,39.0
42,31.5,0.67,82.3,38.0
77,51.2,2.67,148.9,82.5
48,32.2,1.65,97.7,68.0
32,33.3,1.38,80.8,48.1
45,49.0,2.94,83.9,47.8
54,49.8,3.32,84.4,44.2
42,29.7,1.58,82.5,43.3
45,47.9,2.24,89.2,42.7
12,10.4,1.46,50.9,20.2
8,15.5,0.00,4.0,16.3
28,13.6,0.68,54.1,33.1
39,49.5,2.17,72.8,41.8
41,42.1,1.29,87.7,62.6
23,24.5,2.12,39.5,38.6
45,44.5,1.63,126.2,53.3
68,51.1,3.02,139.3,74.1
16,9.5,0.00,14.0,25.7
29,11.4,0.60,75.1,27.3
48,39.1,2.38,107.1,63.5
76,65.1,2.01,150.9,77.6
73,49.6,2.18,163.0,70.4
40,25.2,0.78,96.5,45.6
37,31.8,0.78,91.2,33.6
84,70.3,1.94,195.8,92.6
28,25.1,1.13,42.7,44.4
44,52.9,2.96,76.8,45.8
38,32.3,0.00,89.0,44.0
19,14.1,,70.2,15.6
57,64.3,2.52,109.2,60.2
21,31.1,1.95,82.2,37.6
15,32.0,1.11,51.4,24.4
81,69.2,3.29,152.6,86.9
23,24.3,0.45,58.8,23.9
48,46.6,2.71,102.6,59.7
47,48.6,2.25,111.6,50.0
41,32.7,1.46,90.9,31.9
54,59.8,3.23,111.9,56.2
59,54.6,2.45,119.8,53.1
23,19.4,0.57,26.0,24.9
85,,3.56,172.2,100.0
57,49.3,1.79,105.6,54.7
46,34.1,0.76,96.8,55.2
56,50.4,2.63,109.5,54.1
23,30.1,1.72,53.9,28.7
46,50.6,1.46,87.3,43.5
70,48.3,2.37,142.0,67.5
43,19.4,1.06,60.5,40.5
31,34.7,1.41,81.2,43.5
40,39.2,1.89,88.9,43.4
34,15.7,1.20,77.4,18.2
49,29.9,1.60,96.6,44.2
14,28.5,1.88,42.8,13.5
49,46.7,1.60,115.5,45.0
42,27.7,1.08,99.5,49.9
16,7.7,0.98,41.6,23.2
18,16.9,0.68,53.4,36.9
30,33.6,1.19,37.4,32.6
12,14.5,0.78,53.8,10.8
111,80.2,2.63,217.9,100.0
38,13.6,0.22,92.5,43.3
35,24.2,0.64,72.3,36.1
19,17.7,1.33,46.3,16.3
18,15.1,1.25,22.0,14.4
12,9.4,0.97,45.6,18.6
39,26.8,0.00,64.5,22.1
69,43.2,2.57,104.5,66.5
28,25.2,0.00,67.7,13.3
17,10.3,0.15,46.4,26.1
55,52.4,3.36,101.9,68.2
50,37.5,1.33,91.4,57.1
45,33.7,0.79,91.8,38.4
66,44.9,2.33,134.4,62.8
25,13.8,0.61,72.0,29.5
40,20.7,0.98,87.2,44.3
119,72.4,4.98,217.9,100.0
45,41.6,2.19,82.2,43.1
20,22.6,0.67,50.5,39.6
61,58.8,2.28,142.9,59.4
66,55.8,2.29,137.2,60.2
37,27.1,1.14,80.4,27.7
26,32.1,0.86,88.1,32.9
34,23.9,0.00,70.0,33.2
46,35.5,0.57,90.3,47.3
30,30.8,2.95,74.1,38.3
13,2.0,0.33,37.4,25.6
103,84.2,4.60,200.2,90.2
55,48.7,0.64,112.7,36.8
13,21.6,0.80,46.4,11.8
42,47.4,1.98,82.8,34.8
34,37.6,2.65,95.2,53.4
14,41.8,2.43,40.1,27.1
27,22.9,1.00,55.4,26.2
5,18.4,0.00,17.8,11.0
56,46.1,1.92,94.7,53.7
33,29.2,0.93,84.4,33.8
19,17.2,1.63,41.6,4.3
21,36.4,2.67,53.4,33.1
10,15.9,0.47,30.2,5.3
20,23.4,1.12,47.2,15.9
39,38.7,3.17,88.6,42.5
11,20.0,1.06,43.1,13.8
82,62.0,2.76,153.1,85.0
16,33.1,2.07,41.2,26.8
9,9.2,0.05,29.1,18.3
61,57.5,2.69,117.9,58.4
8,,0.51,28.9,4.0
13,24.0,1.19,32.2,
47,37.3,0.92,83.8,50.9
31,26.7,0.85,77.9,38.4
18,11.1,0.86,34.6,27.3
34,24.4,1.18,52.3,32.6
14,19.3,1.14,4.0,15.0
57,56.8,2.62,120.0,71.1
71,57.3,3.17,124.7,67.3
47,61.6,3.59,105.0,63.2
32,19.6,1.59,49.2,29.7
58,29.7,0.29,108.3,56.7
49,40.9,2.63,112.3,58.8
22,26.2,1.17,43.3,30.4
43,33.2,1.72,88.0,42.5
21,26.5,1.46,72.2,9.4
89,67.2,3.16,,75.3
66,,2.27,107.5,60.3
45,40.6,1.89,91.9,41.6
12,27.0,1.57,32.8,20.7
101,86.4,4.72,201.1,95.4
45,46.6,1.68,103.6,52.0
38,43.9,1.65,51.1,33.3
41,34.4,1.62,92.7,51.1
57,45.2,2.78,146.4,66.0
43,51.3,2.49,68.7,58.8
20,37.9,2.26,65.9,35.3
57,37.1,3.02,113.0,52.2
49,44.0,2.11,122.4,55.7
17,29.0,0.94,29.8,21.8
45,51.9,2.03,87.4,48.5
61,49.8,1.85,106.4,62.3
29,30.3,1.72,78.8,49.7
42,29.5,1.53,93.0,62.6
16,17.0,0.85,35.0,23.9
22,28.7,1.34,52.2,26.1
45,24.9,2.27,86.1,46.3
27,25.7,0.45,62.6,38.7
92,66.2,3.52,156.1,76.2
45,36.0,1.95,68.4,48.6
11,2.0,0.00,33.1,14.4
43,37.2,1.20,75.9,60.1
42,36.1,1.22,94.9,38.0
32,16.2,1.52,62.3,29.0
72,57.2,3.47,141.6,55.1
109,87.2,4.11,213.0,96.5
34,25.3,0.70,82.8,33.6
30,40.3,0.28,66.1,31.7
87,55.3,2.24,176.4,82.9
11,6.1,0.68,25.1,17.2
43,40.8,1.78,99.3,42.4
76,56.4,2.73,138.7,66.5
51,35.5,0.96,104.9,41.2
38,48.3,2.80,78.8,48.4
67,57.1,3.14,116.8,70.7
38,36.8,2.92,76.8,33.3
36,26.2,0.00,85.1,33.5
20,28.5,1.22,44.4,18.7
29,39.5,1.68,57.2,18.6
67,53.4,1.87,134.7,68.5
2,9.1,0.68,21.0,19.0
55,47.6,0.99,107.6,56.4
54,29.1,1.02,118.8,33.7
16,11.6,0.00,58.2,16.3
74,71.5,3.20,143.9,63.6
10,11.3,0.38,10.1,5.2
47,38.6,1.83,82.0,56.5
51,42.7,1.43,93.7,57.3
44,28.5,0.50,83.1,52.2
31,22.8,0.72,47.2,
56,39.9,1.38,102.3,58.1
79,51.0,3.20,142.2,81.8
26,32.4,1.67,78.7,35.8
31,35.0,1.80,42.6,29.2
97,82.0,3.88,199.1,95.5
36,28.8,1.16,83.8,59.9
33,25.5,0.59,97.6,32.1
59,46.1,,112.9,58.6
88,70.9,3.20,179.5,87.4
59,41.3,0.77,134.5,54.0
,40.2,2.38,94.9,49.8
25,29.7,2.28,68.9,23.9
31,32.1,0.79,77.3,31.7
123,93.8,3.87,223.2,100.0
88,62.6,2.55,189.0,94.8
84,73.0,3.85,154.2,86.4
105,76.3,3.59,208.9,100.0
52,48.6,2.94,93.6,51.0
57,45.4,1.41,117.3,43.8
16,27.9,1.74,63.5,22.6
97,73.7,3.26,203.0,91.4
20,35.0,2.47,32.6,26.8
75,44.1,2.69,132.0,62.6
38,26.8,1.76,52.9,35.5
43,14.1,1.03,80.2,43.1
20,7.8,2.27,52.8,20.2
62,56.8,3.08,117.6,75.7
40,22.6,1.50,90.6,37.7
50,51.8,3.07,101.4,54.7
22,22.5,1.35,62.3,35.7
20,14.9,0.41,,12.7
33,10.8,0.70,66.2,24.2
43,34.9,1.86,104.4,52.5
37,35.1,1.98,87.9,53.8
32,24.0,2.20,71.1,34.7
22,31.8,1.86,71.2,41.5
23,19.2,0.76,48.3,36.1
38,34.4,2.18,97.3,49.0
63,64.5,1.19,118.3,71.7
78,66.1,2.34,161.1,76.1
31,17.8,0.26,67.1,28.8
37,47.6,3.05,101.9,36.6
82,59.8,2.57,183.4,77.0
36,47.0,2.13,72.4,35.6
35,32.0,2.60,54.4,32.3
10,,0.67,60.3,24.1
19,25.2,1.76,66.9,23.2
77,53.1,2.55,145.8,77.8
20,18.2,1.05,30.9,15.8
63,26.8,0.87,112.6,68.5
33,26.1,1.38,74.7,41.7
28,18.6,1.59,59.2,19.1
11,29.8,1.02,33.5,35.2
69,47.7,2.33,142.7,73.7
96,89.1,4.69,171.8,96.3
40,38.3,1.41,72.3,43.9
6,2.0,0.00,23.1,126.1
58,37.1,2.38,133.7,52.9
13,2.8,0.16,40.9,14.3
25,28.0,1.96,70.6,34.2
51,40.3,1.52,111.9,53.8
59,49.4,2.28,142.2,57.4
37,34.9,2.59,89.0,54.9
41,33.6,0.60,93.6,51.5
44,46.6,0.82,112.1,44.7
35,18.9,1.73,93.1,24.5
46,41.6,2.13,92.4,58.5
37,38.8,0.98,70.7,39.4
86,70.2,2.96,167.6,87.7
66,46.8,3.03,130.1,62.1
17,18.2,0.97,47.6,34.0
17,20.6,1.20,34.8,17.4
38,24.8,1.56,62.8,44.0
43,26.9,1.86,100.2,53.8
56,56.9,2.66,117.8,57.7
71,69.5,3.90,149.0,60.6
39,37.1,1.47,104.3,29.5
11,14.8,0.90,29.6,22.4
49,43.3,2.06,87.3,43.9
77,72.6,3.93,138.4,77.2
56,47.1,1.85,114.4,56.2
62,61.7,2.72,145.4,59.2
62,49.9,3.11,127.9,58.9
28,11.5,1.97,52.5,17.3
38,34.6,0.84,77.4,41.8
74,48.4,2.54,147.6,65.5
47,37.3,0.75,100.8,46.6
42,47.2,0.89,88.3,43.9
58,50.6,3.06,127.5,52.5
37,47.6,2.22,53.8,39.5
32,31.9,1.40,66.8,24.5
35,37.5,1.00,58.8,39.4
27,29.9,1.42,103.9,32.5
43,35.5,0.89,81.6,36.3
39,26.4,0.82,67.7,41.8
12,16.2,0.77,29.0,20.2
20,23.6,1.00,54.9,36.2
22,31.8,2.92,50.6,25.0
84,73.1,3.19,179.8,90.2
34,55.6,2.55,77.1,41.9
14,15.0,0.96,26.9,27.6
33,32.9,3.38,81.3,35.2
56,52.9,1.68,132.2,63.5
44,41.0,1.58,101.7,47.2
23,44.2,2.86,44.7,18.2
21,13.7,0.64,27.6,13.9
57,42.3,2.98,108.2,69.8
11,12.6,0.00,42.9,19.1
60,45.2,2.02,105.3,59.0
27,23.1,1.03,62.3,36.6
20,32.7,2.46,52.6,35.4
84,61.8,2.76,157.0,78.7
88,69.8,3.95,169.4,83.2
40,36.6,2.00,93.7,39.0
26,25.1,1.92,39.9,21.7
35,27.6,0.15,89.0,46.6
12,9.6,0.48,37.7,4.8
70,68.6,2.59,145.4,77.8
94,84.6,4.42,215.9,87.2
23,40.4,1.52,53.2,32.4
76,49.1,0.87,151.9,76.4
95,71.4,4.13,169.1,96.2
41,35.3,1.92,80.4,52.7
81,64.4,3.55,165.5,91.9
54,57.9,2.70,93.0,52.9
80,70.4,3.51,170.6,82.9
37,26.5,1.01,76.8,23.6
36,36.9,2.70,80.6,39.5
7,2.0,0.29,43.6,15.3
27,17.5,0.76,71.9,27.1
29,38.6,2.63,86.5,32.4
21,32.0,1.85,66.1,21.0
34,34.1,2.56,90.3,41.7
49,48.8,2.16,84.8,57.6
42,24.9,1.10,78.0,38.0
79,67.0,5.16,147.3,67.2
25,25.7,1.56,35.4,34.4
27,33.8,2.28,75.1,31.3
24,21.8,0.16,56.5,27.7
50,48.8,2.37,129.4,47.0
20,30.5,1.53,59.4,25.5
64,62.8,3.29,119.2,72.2
19,20.6,0.50,38.3,23.4
42,38.9,1.95,84.2,45.1
14,13.3,1.29,38.2,23.5
57,34.5,1.42,124.0,65.1
28,24.3,1.88,80.8,19.7
91,69.5,1.54,184.3,91.0
35,38.0,0.74,77.5,56.1
20,27.2,1.21,44.8,22.3
14,13.4,1.11,27.4,30.3
30,30.7,0.00,65.9,50.6
33,36.9,2.13,60.0,43.6
22,2.9,0.54,32.0,27.7
49,37.6,27.18,115.8,44.8
32,613.0,0.00,87.3,39.4
43,44.0,0.74,105.1,51.6
49,41.4,2.06,94.1,42.1
214,6.1,0.45,59.6,21.1
46,45.0,2.89,83.7,50.7
43,30.4,1.15,79.6,49.4
16,20.3,1.67,27.3,19.4
28,20.8,1.89,35.4,32.6
42,28.3,0.66,73.9,39.9
59,40.7,0.86,122.3,60.8
43,42.1,0.94,70.1,37.4
67,51.9,2.83,135.9,82.9
50,50.5,2.13,99.2,53.5
78,58.3,2.71,125.8,69.0
95,67.6,4.25,189.5,90.9
40,30.2,2.26,69.9,62.4
44,43.1,2.14,97.7,44.2
87,69.7,3.00,149.9,86.3
12,12.0,0.00,43.9,20.4
16,11.9,1.77,34.2,16.0
17,14.1,1.01,35.8,23.6
25,32.4,1.02,34.2,28.1
52,48.1,2.47,137.6,69.6
51,46.9,3.19,104.9,48.9
45,35.6,2.35,101.5,55.4
46,44.4,1.92,101.6,49.9
44,37.4,0.81,80.5,34.4
51,34.8,1.88,86.3,45.7
43,28.1,0.45,85.9,43.8
40,23.6,1.03,92.4,40.0
35,27.6,0.66,76.6,42.2
36,15.2,3.44,93.7,37.8
94,71.4,4.42,170.9,99.8
42,20.5,0.00,84.2,35.0
23,6.2,1.19,41.4,29.2
99,58.5,3.43,187.5,94.1
62,45.4,1.66,127.4,66.5
38,44.9,2.87,69.5,43.4
95,98.8,4.69,166.8,88.5
55,69.4,3.38,113.3,66.3
83,51.6,2.40,186.2,85.5
40,32.8,0.32,87.7,42.9
85,63.3,3.06,170.8,84.6
26,4.5,0.12,46.0,30.6
108,,3.66,193.1,
50,42.3,3.26,108.5,55.2
76,55.3,1.01,132.9,60.8
21,22.2,2.10,74.6,32.9
48,31.2,2.08,85.6,34.9
35,25.7,1.36,86.7,36.0
15,14.6,0.00,51.1,25.1
33,40.6,2.85,61.7,25.3
96,68.3,3.52,177.0,91.2
51,34.4,1.21,112.4,56.2
91,54.1,2.27,168.0,85.6
17,23.7,0.83,39.8,25.9
17,20.7,1.53,54.8,34.6
15,8.6,0.26,33.6,11.0
76,54.2,1.88,147.0,64.6
101,69.7,2.77,185.4,87.8
19,10.5,0.00,68.5,16.1
49,49.0,3.05,94.8,50.4
74,47.4,3.89,125.9,62.5
206,34.5,1.14,122.2,51.6
23,42.4,0.61,43.2,38.4
34,31.9,0.23,69.4,46.3
79,59.7,1.72,141.0,87.1
42,39.7,1.56,97.6,48.7
80,62.5,3.24,160.6,74.6
84,58.7,3.84,167.1,72.2
17,22.3,0.62,31.5,22.2
54,54.7,1.22,120.9,60.7
61,25.8,1.96,120.0,56.4
12,6.4,0.06,13.8,25.9
72,55.8,3.05,143.1,72.3
46,30.5,0.65,86.7,32.1
26,24.6,0.60,74.7,38.2
52,42.2,1.90,105.3,56.6
22,15.9,1.16,54.1,34.8
39,47.6,2.68,83.5,40.8
59,55.6,2.79,127.4,60.8
42,44.2,2.20,106.0,45.8
25,27.1,2.91,49.0,37.8
55,24.5,1.98,102.4,57.6
21,4.3,0.15,47.8,38.9
8,4.4,0.41,10.1,4.0
36,28.4,0.93,75.0,43.4
21,28.7,0.36,22.6,30.3
19,20.1,1.79,42.7,26.9
35,2.0,0.26,71.4,23.5
45,56.4,1.44,103.4,53.1
26,24.9,0.98,76.2,24.5
85,65.9,3.39,169.9,86.2
97,345.6,3.57,183.2,97.5
23,28.3,0.92,46.3,42.5
8,8.2,0.99,28.0,13.6
44,46.1,2.01,78.5,50.1
22,20.2,2.52,75.6,31.7
14,10.5,0.47,37.4,24.9
35,21.4,1.73,97.7,32.3
42,21.5,0.36,85.2,43.8
25,27.1,0.45,71.6,32.8
40,36.8,1.51,81.8,42.2
46,53.7,2.36,98.9,54.8
27,3.5,0.00,63.7,24.7
14,13.9,1.14,40.8,15.2
41,38.0,1.68,88.2,40.1
11,9.4,0.00,48.7,14.1
48,41.5,1.64,79.8,42.5
44,41.3,1.96,80.5,48.5
36,49.0,2.54,94.8,34.6
75,56.3,2.13,147.3,78.5
50,32.7,1.46,112.7,43.5
63,52.1,2.79,124.3,56.8
67,65.6,2.20,142.2,70.8
74,52.3,1.94,150.0,81.1
5,10.4,0.18,36.9,4.3
51,35.8,0.00,114.1,39.8
25,19.9,0.70,57.7,45.6
66,53.4,2.83,144.1,62.1
17,19.5,0.79,31.3,18.9
63,52.2,2.32,153.3,78.0
25,17.3,0.33,70.0,31.3
36,46.1,2.33,54.0,61.2
58,46.5,3.06,119.1,54.4
7,5.5,0.00,28.1,4.0
62,36.6,1.91,107.1,62.5
23,16.8,0.82,46.9,18.1
33,23.5,2.69,79.8,27.6
107,71.8,2.42,229.4,100.0
22,25.6,1.23,46.7,32.0
54,29.9,1.82,123.3,59.2
45,33.1,1.25,75.5,55.6
38,39.9,2.18,92.6,57.3
33,33.1,2.96,81.0,40.1
10,8.2,0.00,54.8,15.6
30,37.3,1.47,51.0,36.5
73,63.1,3.54,144.2,66.7
33,20.5,1.28,80.8,43.8
23,21.3,0.86,45.4,19.3
87,65.3,4.85,149.8,83.5
26,27.7,0.88,36.5,22.2
,16.8,0.33,34.6,19.9
33,20.1,0.72,58.7,37.1
20,26.4,1.90,15.9,26.3
122,87.6,4.30,223.7,100.0
12,23.1,0.00,22.3,21.7
15,12.3,0.00,26.7,6.0
45,32.0,1.38,90.3,49.7
15,15.5,1.08,26.4,33.9
16,18.7,1.16,62.3,20.8
20,29.2,1.46,39.3,14.6
69,38.7,2.65,131.6,60.1
62,570.9,4.16,140.5,63.6
14,23.5,1.95,28.7,22.5
49,37.5,1.95,112.6,60.7
51,43.2,1.80,111.8,51.5
84,63.9,2.40,173.0,81.7
57,49.6,1.83,128.9,79.1
63,68.4,3.56,142.5,64.6
17,22.0,0.64,48.8,25.4
32,37.0,1.01,79.7,50.8
52,53.2,2.23,93.7,47.2
24,14.4,0.84,46.9,23.1
48,49.0,2.00,95.1,67.9
18,19.0,0.00,52.8,30.3
18,19.3,1.05,36.1,24.5
37,36.3,1.66,70.3,23.7
53,38.8,1.66,119.2,48.5
48,38.9,3.07,74.0,56.5
64,40.2,2.98,144.1,59.9
21,22.6,1.35,33.5,19.0
61,63.7,2.59,110.8,61.3
25,33.6,1.88,71.2,26.4
46,38.3,0.78,108.1,45.5
5,8.3,0.91,4.0,4.1
24,14.4,1.82,49.5,21.7
111,68.7,2.45,213.8,98.2
22,10.2,0.93,58.5,30.2
94,73.7,3.73,807.5,98.5
37,19.7,1.07,87.0,42.8
28,30.0,0.70,62.4,33.8
20,18.0,1.38,35.9,21.1
32,42.7,1.59,59.9,34.2
53,64.1,3.39,73.7,48.1
53,30.5,1.45,113.3,41.6
41,30.7,1.20,98.6,41.1
47,42.8,1.43,101.8,44.1
75,59.9,2.28,162.9,66.1
76,53.4,4.28,909.1,67.4
25,34.8,0.54,60.4,23.0
53,41.8,,,63.8
2,2.0,0.00,12.4,4.0
8,20.8,0.02,25.7,4.0
25,35.7,1.27,52.5,32.9
78,66.2,3.06,165.4,83.0
19,4.3,0.75,49.7,13.7
45,37.1,1.40,90.4,47.6
54,53.8,3.34,117.8,60.9
55,48.9,1.27,102.7,62.6
106,73.8,4.68,189.7,100.0
64,51.7,1.84,110.3,71.8
65,62.2,2.48,120.1,66.1
96,70.6,4.50,188.2,96.7
95,66.5,2.44,164.3,89.7
10,2.0,1.02,4.0,15.1
54,49.8,2.47,107.7,
21,39.9,2.51,43.8,29.7
62,48.6,3.10,126.2,50.1
49,42.6,2.09,108.5,58.7
43,1.8,1.10,92.0,48.4
21,19.5,1.05,15.5,8.1
82,67.9,3.10,153.2,77.1
22,20.0,0.23,49.7,13.1
53,45.7,2.06,114.3,54.3
19,21.7,0.71,51.4,27.4
54,50.7,1.76,92.6,51.5
46,24.2,2.25,57.5,34.2
70,61.7,2.33,147.5,75.7
62,37.4,1.52,129.7,57.4
7,21.0,0.72,40.6,11.7
64,49.0,2.10,128.8,49.6
20,13.2,0.25,34.0,30.2
58,47.2,2.34,99.1,50.3
89,67.1,2.05,179.5,87.1
58,39.4,1.22,137.2,64.7
88,0.8,2.97,163.1,86.5
87,75.4,3.42,198.3,83.3
19,13.5,0.48,27.1,7.2
49,46.3,2.56,,57.1
28,13.0,1.97,80.1,36.7
37,36.8,0.90,75.9,39.2
17,28.6,1.09,43.5,30.3
21,20.3,0.78,64.6,43.7
64,40.8,1.83,112.0,64.4
78,62.4,2.83,132.4,69.5
33,31.5,2.51,65.0,44.8
29,27.6,2.39,48.8,30.2
75,76.4,2.65,160.7,76.5
95,64.5,1.90,184.2,85.4
42,47.2,2.11,98.8,43.1
46,36.3,1.77,90.8,50.5
50,61.3,2.62,124.4,70.2
48,49.4,2.15,99.7,42.3
42,47.5,1.63,62.6,55.7
66,52.0,1.73,135.5,56.9
48,38.9,0.97,90.9,50.2
41,42.0,1.82,71.3,31.8
24,16.3,2.45,52.6,32.2
29,46.6,3.04,82.9,40.0
60,45.5,0.52,125.6,65.7
14,3.8,0.81,32.5,12.5
73,53.6,2.24,159.2,77.4
16,,0.74,57.5,21.6
50,49.3,3.05,99.4,63.5
71,50.5,2.75,123.9,56.7
55,54.3,2.28,143.0,68.8
42,39.2,1.69,102.5,51.7
84,61.0,2.37,172.0,81.8
38,23.6,28.14,84.0,52.0
11,21.3,2.72,18.3,15.4
7,6.7,0.88,29.8,5.2
42,34.6,2.05,90.3,37.4
59,54.0,0.76,123.4,50.9
61,27.0,2.67,108.2,62.0
18,27.0,1.39,39.6,22.6
43,34.0,0.10,87.9,48.6
22,20.8,1.25,46.7,25.3
56,45.2,1.73,118.3,56.8
121,82.8,5.29,223.5,100.0
60,51.0,2.86,122.5,61.7
92,71.4,3.82,201.5,88.7
44,21.2,0.77,94.9,37.7
27,30.9,0.00,80.9,35.7
30,16.2,0.81,54.5,33.7
42,47.9,1.15,99.5,43.0
24,21.6,0.71,43.0,27.7
39,42.6,1.62,72.7,36.0
42,35.8,1.22,102.6,55.4
19,27.8,1.26,38.6,42.9
74,45.6,1.71,138.6,69.0
39,32.2,2.62,80.9,34.9
18,28.0,1.36,43.4,13.2
50,43.7,0.91,119.9,55.6
41,49.3,2.01,77.4,47.6
6,6.0,0.45,13.8,14.0
18,4.1,1.05,29.4,25.3
13,28.4,1.91,44.5,30.3
87,71.2,2.49,146.1,73.2
43,47.0,2.10,120.5,34.9
9,15.6,0.01,4.5,8.4
47,29.2,0.80,113.0,52.0
31,35.2,2.34,75.5,45.4
23,20.9,0.53,74.4,32.9
89,69.5,3.27,172.4,81.7
33,36.9,0.75,68.8,25.6
62,39.1,1.45,106.0,57.4
20,40.7,2.27,25.1,18.1
41,35.9,1.23,114.8,53.6
64,55.3,2.29,135.3,71.3
81,69.6,2.89,163.7,70.9
72,47.9,3.40,173.8,
45,31.8,1.89,90.6,42.1
41,37.5,1.62,97.1,34.8
57,42.6,2.51,115.0,50.9
7,14.5,0.53,35.3,24.1
22,26.8,1.96,66.6,17.3
109,78.2,3.82,218.4,100.0
50,43.2,2.39,112.3,57.0
13,4.4,0.48,40.8,19.6
26,29.9,2.35,75.3,37.7
6,2.0,0.00,26.3,17.9
35,33.4,2.22,62.9,35.8
25,19.9,0.36,43.5,18.8
43,23.3,0.96,89.9,45.8
49,38.9,3.12,106.0,50.1
61,45.7,0.84,149.0,58.9
10,14.8,0.00,26.3,8.2
40,48.1,2.22,73.3,53.5
83,61.4,4.51,144.9,80.4
50,41.8,1.29,119.0,52.9
17,21.8,0.73,76.0,25.2
,57.6,2.73,140.8,72.5
49,37.2,2.61,124.4,49.3
10,17.3,0.92,40.6,118.7
40,36.4,1.77,99.5,42.1
93,68.7,2.50,196.4,81.4
30,43.3,2.16,78.7,46.0
33,44.5,3.43,64.1,32.5
14,28.4,0.72,43.0,25.6
29,20.8,1.74,73.1,44.3
43,28.2,1.75,73.6,46.9
29,20.5,1.64,85.5,29.1
37,13.2,0.70,98.9,45.3
55,41.0,2.46,110.0,59.3
94,71.6,2.58,207.5,89.8
63,57.4,2.54,158.7,80.6
60,41.8,2.47,112.3,55.1
18,18.2,0.86,43.4,27.2
29,10.9,0.64,63.5,21.9
12,22.5,1.34,43.5,26.1
57,55.7,2.38,107.6,68.4
49,47.0,1.13,114.1,54.9
4,24.2,0.13,25.1,9.7
65,61.4,1.29,139.5,67.0
47,38.6,2.31,110.3,46.6
20,23.5,2.04,41.7,20.5
30,29.4,0.00,59.8,25.7
40,29.4,2.00,74.3,
98,78.3,4.90,168.0,100.0
50,41.2,1.14,115.4,48.8
12,29.5,0.71,13.6,16.6
81,61.2,2.47,162.9,75.8
44,44.5,3.38,96.9,59.0
72,51.6,3.99,137.9,71.1
26,20.8,0.92,44.4,31.6
14,24.4,1.25,37.0,26.1
76,59.5,2.88,150.5,83.4
16,20.9,0.82,38.4,27.0
25,30.5,2.05,50.3,22.3
28,22.9,0.92,66.2,48.2
14,27.3,0.81,44.2,24.7
81,74.6,2.71,170.8,71.8
117,75.9,3.71,228.6,100.0
2,6.3,0.00,14.8,4.0
13,12.7,22.22,54.0,20.5
6,1.6,0.35,11.0,4.0
31,33.8,0.72,42.5,12.6
43,48.8,2.06,87.2,55.8
15,11.2,0.00,49.4,22.7
33,31.2,0.54,83.2,31.8
39,28.1,1.83,62.7,42.1
93,68.0,3.91,171.5,85.3
63,67.2,2.52,128.6,65.5
54,40.7,2.39,119.2,53.6
70,54.6,1.30,160.4,76.8
42,37.4,1.83,75.5,36.5
77,70.8,3.60,132.9,91.9
32,11.7,0.34,81.8,40.2
33,22.5,0.00,74.7,36.2
50,39.6,2.14,117.0,45.1
44,53.0,3.24,89.8,49.8
44,24.1,2.48,59.6,37.7
93,73.6,3.47,166.7,84.4
39,12.2,0.45,88.2,42.2
27,31.2,2.80,51.0,29.0
51,34.9,1.57,110.0,41.1
17,5.3,0.51,45.5,17.2
52,38.9,2.11,93.8,45.2
64,57.6,3.15,139.8,67.7
66,52.3,2.12,130.9,69.4
31,14.2,0.12,84.9,34.2
85,57.2,1.91,160.4,80.5
17,17.4,1.86,30.4,37.2
38,27.6,1.34,91.3,36.5
49,38.0,2.27,97.3,50.2
72,49.0,2.27,142.8,65.1
53,61.0,3.44,123.3,63.6
24,29.8,0.79,52.3,10.7
45,48.1,1.00,98.3,50.2
20,14.0,0.79,45.0,19.5
72,59.5,3.52,135.0,67.6
5,22.3,0.48,29.4,18.0
40,50.4,2.79,73.6,55.5
28,39.2,1.51,63.0,35.4
101,68.4,3.25,182.6,88.5
39,29.0,2.01,86.4,54.1
43,29.3,1.90,94.0,43.6
15,34.6,,44.5,16.2
71,56.5,4.01,146.9,65.2
55,39.9,1.48,91.5,59.2
64,42.0,1.67,149.7,67.1
83,59.5,2.49,179.4,78.4
51,47.4,1.96,111.6,79.2
20,3.6,0.00,73.7,23.2
43,25.6,1.47,92.9,54.5
43,34.5,1.75,102.9,48.4
41,31.2,1.67,60.7,44.8
78,53.9,1.95,154.1,70.5
33,13.4,1.10,73.3,41.4
53,25.4,1.69,114.8,55.5
60,48.9,2.56,100.6,55.7
43,38.8,1.80,61.5,52.6
87,74.1,3.96,152.6,86.3
67,44.1,1.23,120.2,70.4
27,34.8,1.92,79.8,48.4
20,,1.30,43.5,124.2
78,53.5,2.77,157.6,80.0
38,16.0,0.92,83.4,41.8
33,41.4,2.92,63.9,47.3
92,83.6,4.83,181.0,100.0
57,51.2,1.60,105.4,64.5
32,20.0,1.39,82.7,45.4
15,17.1,0.95,26.2,14.5
84,70.0,3.26,182.9,80.6
43,30.7,1.84,78.1,40.8
3,15.6,1.54,12.7,15.9
103,86.8,3.49,202.9,97.6
34,34.8,0.00,83.2,43.0
25,26.6,0.60,60.1,27.8
12,27.5,1.14,4.0,19.1
104,85.6,4.13,214.6,100.0
41,42.5,0.78,68.8,41.1
56,40.8,1.53,103.4,55.3
41,38.1,1.38,98.4,50.0
42,36.7,1.74,95.5,49.0
40,42.8,0.95,81.6,46.3
5,6.0,1.18,24.2,10.1
96,64.3,2.97,176.1,86.6
18,13.9,0.00,49.8,14.7
34,22.9,1.98,71.2,37.0
83,82.1,4.31,165.6,75.1
62,42.0,1.70,102.1,65.7
78,84.0,3.26,155.5,80.8
70,61.6,2.35,162.7,68.1
87,71.4,3.50,195.0,73.8
14,11.2,0.66,22.1,26.8
37,40.8,2.06,56.3,38.1
10,409.6,0.95,30.5,17.8
20,18.4,0.42,51.1,19.0
89,75.5,2.24,188.9,81.6
35,38.1,0.43,88.9,35.9
21,18.0,0.00,38.4,37.9
13,2.0,0.00,11.1,20.6
30,5.7,1.20,78.3,38.7
61,52.6,2.49,112.9,55.8
18,13.9,0.95,49.2,23.1
55,42.7,1.47,121.3,66.8
56,52.0,1.90,105.6,51.6
11,15.3,0.03,36.6,
67,45.2,2.45,134.4,66.2
77,52.4,2.32,169.6,75.4
87,35.1,1.42,160.4,68.4
41,46.1,1.86,112.2,59.3
17,16.0,0.00,37.6,10.7
17,22.4,1.03,48.9,15.2
28,21.6,1.52,61.4,31.9
36,34.3,1.66,76.8,
49,50.8,3.28,116.9,53.4
13,11.0,0.64,45.0,21.6
45,45.7,2.01,80.9,49.2
20,15.2,0.00,36.1,20.8
92,62.8,3.33,196.6,84.8
68,56.4,2.10,150.5,58.2
20,23.0,1.03,59.5,31.4
64,58.5,2.07,140.8,62.3
91,69.9,2.83,195.8,95.8
19,20.7,0.18,52.6,25.5
18,18.5,1.02,50.3,16.6
30,27.5,0.63,81.3,32.3
51,34.8,0.62,105.1,57.8
56,46.9,2.77,108.0,50.1
35,24.8,0.00,,44.5
49,42.3,1.92,93.6,53.1
34,18.6,1.49,62.1,35.8
50,54.4,1.75,84.9,50.8
23,24.6,0.49,65.4,24.8
31,20.6,0.59,81.1,39.5
61,51.6,1.54,140.9,55.2
34,34.9,1.76,79.8,42.9
81,59.6,2.55,187.7,82.5
46,24.3,2.04,71.4,46.2
30,20.1,2.05,82.6,31.6
89,65.7,0.68,164.4,84.2
22,14.9,1.13,59.4,27.2
35,26.9,0.16,72.0,43.0
19,20.9,0.53,52.6,23.5
17,12.9,0.00,45.4,9.8
36,30.3,1.79,84.6,40.4
120,82.0,3.38,230.6,100.0
26,41.8,2.05,66.5,28.9
42,32.9,1.35,101.8,42.4
16,11.1,0.66,56.2,19.2
83,67.4,4.67,161.6,80.6
57,49.9,2.69,138.0,61.2
21,18.1,0.00,48.4,23.4
27,30.0,1.39,67.6,21.7
76,73.3,2.87,153.4,79.8
29,10.2,0.00,34.0,29.9
30,26.2,1.01,59.6,28.4
53,48.7,2.55,117.2,59.9
28,23.2,0.07,53.4,14.7
79,75.2,4.52,149.2,80.3
43,26.9,0.07,93.1,53.7
36,51.6,2.62,85.9,54.4
21,14.3,0.00,37.6,22.2
46,24.0,1.56,76.4,42.8
31,36.1,1.61,79.0,34.3
29,20.9,0.99,83.2,31.7
35,30.1,1.93,45.0,38.3
71,51.8,1.94,139.5,67.6
14,25.4,0.97,19.5,20.5
40,34.1,1.69,75.9,29.3
43,40.7,1.89,84.0,57.5
61,55.7,1.31,137.8,50.4
7,15.7,0.00,24.6,22.3
91,74.0,2.82,153.4,95.3
47,46.4,1.38,88.1,44.9
31,43.3,2.49,43.0,35.1
98,77.0,3.92,183.3,94.1
39,28.0,0.52,95.2,34.6
13,20.3,1.44,61.2,33.1
41,34.4,1.95,80.7,40.8
30,22.9,2.43,85.3,42.3
38,33.2,1.60,84.5,34.9
8,10.7,0.81,36.3,10.3
2,6.0,0.00,47.1,19.7
59,44.3,3.56,128.9,60.7
48,49.2,3.02,89.9,51.0
26,25.5,2.48,63.8,36.5
37,35.7,1.00,69.3,40.4
52,48.6,1.40,98.5,48.7
50,46.4,2.16,95.4,50.1
58,37.2,1.72,114.4,53.2
53,25.0,0.81,113.3,49.5
75,74.1,3.42,164.8,73.0
186,61.8,2.05,157.0,69.1
17,16.7,0.44,43.9,32.6
44,36.8,2.40,107.1,47.3
97,89.9,3.78,196.8,85.4
38,34.6,1.39,71.0,33.9
2,16.7,0.52,12.3,15.2
17,27.3,2.25,699.1,26.2
18,21.7,1.87,49.9,31.2
19,8.3,0.00,35.1,17.9
50,48.8,1.85,111.1,64.5
21,5.1,0.34,56.9,30.8
58,50.4,2.50,113.0,48.2
100,87.4,4.62,191.4,100.0
85,64.9,1.39,145.2,76.3
23,28.2,1.89,56.8,24.7
16,16.4,0.27,46.8,35.7
18,9.4,0.00,26.7,31.6
43,31.5,1.42,97.9,52.7
52,50.0,2.46,106.5,63.5
44,39.6,1.65,78.2,36.9
27,22.6,0.31,82.9,49.4
38,20.0,1.04,,44.3
12,20.9,2.12,32.3,13.4
68,61.6,2.79,129.9,75.5
85,51.5,2.33,161.8,77.3
95,69.3,3.23,164.2,94.1
22,31.0,1.04,26.6,32.3
26,26.2,0.43,58.5,50.6
32,24.1,0.58,76.4,59.9
95,65.4,3.14,160.5,73.3
67,56.5,1.39,156.1,83.2
50,57.1,3.15,89.6,46.5
69,42.1,2.50,134.0,73.4
83,74.0,3.01,178.7,75.2
35,31.9,1.95,65.9,30.3
14,13.0,0.78,44.2,19.8
28,27.6,0.02,42.8,14.3
36,49.5,2.07,81.9,34.0
91,69.1,3.67,174.3,83.1
35,27.7,0.66,84.2,36.2
37,39.9,0.67,89.8,41.4
26,19.8,0.04,71.2,53.5
26,17.4,1.05,31.4,26.7
48,25.9,0.90,122.3,48.2
112,78.4,3.65,233.2,100.0
17,12.4,1.09,54.0,26.5
87,71.6,3.76,158.6,74.3
13,5.9,0.15,32.0,25.6
46,35.0,1.87,95.4,46.7
56,49.4,2.44,102.2,59.4
10,16.8,2.22,23.1,22.1
23,32.9,1.48,55.4,34.4
19,22.6,2.30,42.2,31.1
2,2.0,1.88,4.8,10.0
22,22.6,1.01,65.9,28.8
25,,,58.4,28.7
36,46.8,2.77,75.3,32.3
95,77.9,4.10,205.2,91.9
45,36.2,1.24,86.5,48.9
100,65.1,3.02,196.0,89.3
75,545.1,2.72,135.1,73.8
35,28.2,2.00,78.1,44.4
22,18.2,1.23,47.7,14.2
44,33.7,0.71,81.1,52.2
43,38.1,2.42,82.1,59.1
13,11.3,0.96,40.0,24.1
85,62.2,2.41,146.5,85.7
28,26.1,1.08,61.1,20.3
80,64.7,2.52,161.1,87.6
16,12.4,0.00,30.2,27.5
46,32.3,1.65,92.8,48.6
46,36.2,1.85,84.8,44.1
34,43.7,2.28,62.2,36.2
24,24.0,0.62,64.2,37.7
53,38.1,2.00,105.9,41.9
20,21.9,0.11,49.9,21.4
78,69.0,3.55,132.1,67.8
65,42.7,2.47,130.7,77.4
20,29.3,1.52,74.7,44.2
19,18.6,1.25,67.4,32.1
21,16.0,0.00,58.8,23.5
78,55.1,2.61,123.0,72.6
49,48.5,1.38,98.0,45.3
50,42.0,1.45,104.0,50.8
47,33.0,1.77,104.0,55.3
36,34.8,1.09,86.1,40.2
14,2.8,0.00,37.9,22.7
52,66.0,3.01,94.3,55.6
86,72.2,2.67,182.5,93.0
53,42.3,1.51,96.7,53.8
44,47.2,0.62,113.4,50.0
40,41.4,1.59,72.3,42.2
50,35.0,2.01,83.8,44.1
84,73.1,3.37,179.9,86.9
39,30.4,1.32,86.6,47.6
14,9.4,0.77,14.7,13.0
23,26.5,1.13,77.1,19.6
22,40.1,0.69,69.3,22.4
38,42.1,1.80,98.0,45.7
65,59.7,1.15,130.1,63.3
44,32.9,0.29,105.4,39.1
21,28.4,1.16,44.2,28.5
19,17.8,1.71,55.2,24.9
23,22.4,1.26,45.5,19.9
32,38.5,0.82,94.4,31.3
31,37.1,,85.2,30.1
80,61.8,4.86,174.5,81.8
28,20.6,1.03,50.5,31.7
28,38.5,1.99,76.5,32.1
15,18.8,0.00,33.5,26.7
20,33.1,0.44,49.4,30.3
68,58.4,2.54,136.9,74.6
47,32.3,1.95,101.2,50.5
14,21.1,0.52,35.5,13.4
18,26.3,1.47,,28.3
33,44.1,2.98,78.6,47.9
49,38.6,1.83,89.5,47.5
61,40.5,1.85,130.6,65.4
23,26.6,1.13,68.5,16.5
20,29.0,1.26,30.3,32.8
100,90.2,4.93,207.3,87.4
24,26.1,1.84,43.2,23.8
55,54.7,1.89,115.1,60.1
89,64.0,2.37,190.4,90.1
7,8.2,0.05,13.7,12.5
25,18.8,0.98,67.5,29.9
92,79.5,3.11,209.3,98.2
38,35.5,1.40,69.3,45.8
105,83.0,3.35,207.4,100.0
104,89.2,2.74,204.9,100.0
42,33.7,1.35,104.1,48.1
19,26.6,0.40,70.3,40.6
4,5.1,,11.6,10.5
60,52.5,3.79,142.3,71.3
44,53.1,3.48,87.1,49.1
29,18.6,1.53,52.0,25.8
93,79.0,3.32,163.0,93.0
50,40.9,1.87,91.4,43.3
80,59.8,3.54,152.4,79.6
16,3.2,0.00,38.0,25.0
9,,1.12,22.0,11.0
55,34.0,1.56,115.9,62.5
15,8.7,0.91,38.0,20.9
51,49.8,1.75,107.9,47.2
51,50.9,2.08,124.6,58.1
23,17.2,22.74,55.8,20.3
10,4.1,1.08,28.8,16.8
31,11.4,1.72,81.1,32.2
40,34.2,2.05,70.3,34.4
9,31.0,1.19,33.2,
27,34.3,1.68,72.5,27.3
7,11.3,0.84,16.2,9.2
50,36.2,0.87,92.3,41.8
57,42.5,1.78,119.7,67.3
36,34.1,2.75,68.5,37.8
65,58.8,2.09,134.3,58.4
22,18.7,1.31,29.7,34.4
42,30.5,0.00,86.5,31.5
39,44.8,1.75,85.2,40.1
19,27.5,0.19,65.5,28.9
101,76.8,3.30,197.3,94.2
53,44.2,2.22,118.8,58.1
79,62.8,2.90,166.3,63.7
6,18.2,1.08,12.0,26.9
28,19.1,0.45,71.0,18.6
30,33.6,,67.5,30.6
15,14.9,1.24,22.0,19.4
90,67.5,2.86,173.9,91.7
62,51.5,3.57,105.3,56.8
80,51.9,2.68,159.5,79.7
38,43.5,1.28,82.8,36.2
25,28.4,0.90,75.1,23.4
54,50.0,1.88,,61.5
41,28.0,1.06,59.5,44.4
46,46.6,2.16,80.3,49.4
27,25.6,1.78,46.5,36.3
81,80.1,3.11,153.4,81.2
67,62.8,3.14,139.5,75.4
18,17.1,1.37,64.2,28.7
59,52.7,2.79,124.6,57.8
17,10.4,0.00,56.0,17.2
68,49.9,2.10,120.1,56.9
53,46.3,1.95,105.0,56.4
67,51.5,2.87,138.1,67.9
98,69.1,3.68,165.9,88.1
46,43.8,1.68,93.8,62.4
26,27.8,0.82,73.8,25.8
47,31.5,1.60,111.5,44.0
41,25.8,1.65,84.0,44.6
30,27.7,2.35,52.4,33.5
58,48.5,1.83,131.9,57.8
16,30.2,1.29,12.6,28.0
,16.9,0.26,17.7,30.4
81,50.7,3.06,173.8,76.3
45,48.0,2.43,72.2,46.6
48,39.3,2.95,101.1,44.2
23,23.0,0.25,42.8,39.3
107,70.6,4.12,208.3,92.3
96,,2.91,163.8,87.6
55,39.3,2.59,120.6,59.4
17,12.1,0.94,64.0,17.0
65,60.9,2.60,117.1,67.5
38,24.2,2.05,61.7,37.7
26,15.1,1.49,59.5,23.3
36,23.5,1.02,47.3,40.7
77,57.2,2.75,146.4,79.8
14,33.2,1.81,10.9,14.5
19,10.9,0.00,39.5,21.6
30,36.8,1.32,71.7,26.9
43,47.7,2.69,78.8,56.5
35,46.7,3.12,99.4,42.6
27,33.7,2.32,62.1,34.0
63,45.9,1.83,124.7,62.9
17,18.4,0.00,34.1,13.1
58,55.5,2.19,117.2,62.5
53,51.0,1.64,111.2,46.3
17,5.3,0.68,38.6,17.0
86,78.3,2.54,167.4,74.5
60,52.7,2.13,120.9,59.1
20,17.7,1.76,31.4,35.6
56,42.0,2.45,105.6,59.9
8,18.3,2.39,18.8,28.0
38,31.2,1.54,,51.7
98,76.7,3.80,176.4,97.9
95,90.7,3.40,169.2,95.2
106,74.7,2.55,199.6,99.3
41,40.2,1.52,75.0,36.3
18,9.2,0.00,38.2,32.4
41,35.1,1.70,62.9,34.5
35,22.4,1.14,71.2,56.0
39,17.1,1.38,94.4,35.9
26,23.9,1.30,,20.2
30,24.7,0.38,63.6,26.7
41,43.0,1.30,50.0,33.3
20,24.2,0.62,56.8,21.9
19,18.8,1.34,58.0,28.3
25,19.3,0.20,41.4,13.6
32,29.6,1.08,63.4,42.6
20,15.9,0.19,38.4,18.4
50,43.8,0.87,92.7,66.5
35,39.4,0.92,46.8,41.1
94,59.6,2.83,175.0,84.4
25,31.8,1.37,52.7,17.2
52,35.7,2.30,110.0,59.9
27,33.9,1.49,63.1,34.7
12,7.5,0.00,41.0,28.3
21,15.7,1.19,42.5,25.9
64,61.6,1.75,111.3,55.4
74,51.3,2.49,154.0,81.0
40,48.1,2.42,90.6,47.7
60,51.6,,115.5,57.6
57,35.0,1.61,132.4,67.6
40,36.0,2.29,79.8,38.6
41,45.6,0.83,102.9,52.6
14,10.9,0.40,26.0,30.2
44,40.3,1.98,111.8,51.2
32,19.9,0.34,75.9,44.2
56,55.3,2.81,98.4,62.1
54,52.1,1.77,119.6,53.2
33,15.4,0.64,65.0,38.4
9,9.6,1.02,38.3,8.8
29,18.5,0.73,70.4,25.2
46,41.0,0.86,88.1,45.8
19,21.5,0.53,58.4,23.3
47,44.8,2.28,95.7,50.4
40,29.3,2.27,80.6,45.0
91,71.8,4.50,184.9,99.2
59,34.4,1.97,109.6,56.4
46,32.1,1.95,85.8,66.3
45,42.9,1.80,89.0,51.6
46,36.2,2.66,88.0,55.2
18,8.1,0.00,39.9,18.0
15,14.3,0.00,59.3,19.0
32,26.3,0.08,53.0,45.0
28,29.7,1.35,72.1,34.7
16,8.0,0.14,51.9,19.0
,32.0,1.25,105.0,51.4
99,79.1,3.31,185.5,94.2
50,53.6,2.41,120.5,49.4
104,70.9,2.35,190.9,100.0
9,18.5,0.00,35.9,9.1
41,39.2,2.00,93.9,41.2
21,32.0,0.86,53.9,34.9
74,63.2,3.34,157.7,77.1
74,57.5,2.75,149.7,68.5
25,20.4,,49.9,39.7
95,72.4,4.12,213.1,95.5
38,25.4,2.29,65.6,44.4
12,31.5,2.44,16.2,30.5
46,51.2,1.77,95.4,50.8
20,34.9,1.46,37.4,27.2
86,64.5,2.89,162.5,95.1
46,45.7,2.92,97.8,54.1
15,20.5,1.90,36.9,29.2
11,8.2,0.84,26.8,
94,71.3,2.56,186.9,88.0
13,37.7,1.71,50.5,20.5
22,28.7,0.35,54.8,28.9
38,31.8,2.13,87.3,41.5
39,32.1,1.01,57.5,52.7
12,13.3,1.18,39.4,21.0
36,31.2,1.29,88.9,37.2
2,15.8,0.61,38.4,9.7
70,64.7,2.24,147.8,69.1
14,15.9,1.46,37.0,27.8
71,48.9,2.34,167.9,75.7
34,27.5,0.85,78.7,30.2
103,95.6,4.32,201.1,100.0
29,29.5,0.56,87.3,50.6
58,43.1,2.31,104.8,47.5
22,27.2,0.26,39.7,29.6
76,58.4,2.58,178.0,74.9
59,38.4,2.44,132.1,54.0
17,25.2,1.14,46.3,33.4
68,56.6,2.54,140.4,62.0
27,33.5,0.72,79.1,31.2